-- phpMyAdmin SQL Dump
-- version 5.2.1
-- https://www.phpmyadmin.net/
--
-- Host: 127.0.0.1
-- Generation Time: Dec 11, 2025 at 12:33 PM
-- Server version: 10.4.32-MariaDB
-- PHP Version: 8.0.30

SET SQL_MODE = "NO_AUTO_VALUE_ON_ZERO";
START TRANSACTION;
SET time_zone = "+00:00";


/*!40101 SET @OLD_CHARACTER_SET_CLIENT=@@CHARACTER_SET_CLIENT */;
/*!40101 SET @OLD_CHARACTER_SET_RESULTS=@@CHARACTER_SET_RESULTS */;
/*!40101 SET @OLD_COLLATION_CONNECTION=@@COLLATION_CONNECTION */;
/*!40101 SET NAMES utf8mb4 */;

--
-- Database: `nomix_trade_db`
--

DELIMITER $$
--
-- Procedures
--
CREATE DEFINER=`root`@`localhost` PROCEDURE `GenerateStockData` ()   BEGIN
    DECLARE i INT DEFAULT 0;
    DECLARE start_date DATE;
    DECLARE curr_date DATE;
    
    SET start_date = DATE_SUB(CURDATE(), INTERVAL 30 DAY);
    
    -- Loop 30 days (History) + 7 days (Future)
    WHILE i < 37 DO
        SET curr_date = DATE_ADD(start_date, INTERVAL i DAY);
        
        -- Insert Stock Data for ALL companies based on a random walk from a base price
        INSERT INTO stocks (symbol, date, last, open, high, low, volume, pred_close, confidence_lower, confidence_upper)
        SELECT 
            symbol, 
            curr_date,
            -- Random Maths to simulate price
            (RAND() * 100) + 50 as last, 
            ((RAND() * 100) + 50) * 0.99 as open,
            ((RAND() * 100) + 50) * 1.02 as high,
            ((RAND() * 100) + 50) * 0.98 as low,
            FLOOR(RAND() * 5000000) as volume,
            ((RAND() * 100) + 50) * 1.01 as pred_close,
            ((RAND() * 100) + 50) * 0.95 as confidence_lower,
            ((RAND() * 100) + 50) * 1.05 as confidence_upper
        FROM companies
        WHERE NOT EXISTS (SELECT 1 FROM stocks WHERE date = curr_date AND stocks.symbol = companies.symbol);
        
        -- Insert Index Data
        INSERT INTO kse_index (date, current, open, high, low, pred_close)
        SELECT 
            curr_date,
            78000 + (RAND() * 1000),
            78000 + (RAND() * 1000),
            79000,
            77000,
            78500
        WHERE NOT EXISTS (SELECT 1 FROM kse_index WHERE date = curr_date);

        SET i = i + 1;
    END WHILE;
END$$

DELIMITER ;

-- --------------------------------------------------------

--
-- Table structure for table `companies`
--

CREATE TABLE `companies` (
  `symbol` varchar(20) NOT NULL,
  `name` varchar(100) DEFAULT NULL,
  `sector` varchar(50) DEFAULT NULL,
  `status` varchar(50) DEFAULT 'Active',
  `about` text DEFAULT NULL,
  `total_assets` varchar(50) DEFAULT NULL,
  `total_liabilities` varchar(50) DEFAULT NULL,
  `loss_per_share` float DEFAULT NULL,
  `volumetric_growth` varchar(20) DEFAULT NULL,
  `market_cap` varchar(50) DEFAULT NULL,
  `shares_outstanding` varchar(50) DEFAULT NULL,
  `free_float` varchar(50) DEFAULT NULL
) ENGINE=InnoDB DEFAULT CHARSET=utf8mb4 COLLATE=utf8mb4_general_ci;

--
-- Dumping data for table `companies`
--

INSERT INTO `companies` (`symbol`, `name`, `sector`, `status`, `about`, `total_assets`, `total_liabilities`, `loss_per_share`, `volumetric_growth`, `market_cap`, `shares_outstanding`, `free_float`) VALUES
('ATRL', 'Attock Refinery Limited', 'Refinery', 'Compliant', 'Pioneer of crude oil refining in the country.', '85.4 Billion', '45.2 Billion', 28.5, '5%', '45.8 Billion', '106 Million', '35%'),
('BAHL', 'Bank AL Habib Limited', 'Banking', 'Compliant', 'Known for high customer service standards.', '1,600 Billion', '1,400 Billion', 24.5, '12%', '95.6 Billion', '1.1 Billion', '30%'),
('BOP', 'The Bank of Punjab', 'Banking', 'Compliant', 'A prominent financial institution.', '1,200 Billion', '1,100 Billion', 4.5, '15%', '18.5 Billion', '2.9 Billion', '50%'),
('DGKC', 'D.G. Khan Cement Company', 'Cement', 'Compliant', 'One of the largest cement manufacturers in the country.', '110.2 Billion', '45.6 Billion', 8.5, '10%', '65.4 Billion', '438 Million', '40%'),
('EFERT', 'Engro Fertilizers Limited', 'Fertilizer', 'Compliant', 'Premier fertilizer manufacturing and marketing company.', '140.2 Billion', '65.4 Billion', 14.8, '11%', '125.6 Billion', '1.33 Billion', '35%'),
('ENGROH', 'Engro Holdings Limited', 'Fertilizer', 'Compliant', 'A diversified conglomerate ranging from fertilizers to energy.', '450.8 Billion', '210.3 Billion', 35.6, '18%', '290.5 Billion', '576 Million', '45%'),
('FCCL', 'Fauji Cement Company Limited', 'Cement', 'Compliant', 'A leading cement manufacturer.', '95.4 Billion', '32.1 Billion', 5.4, '9%', '45.2 Billion', '2.2 Billion', '50%'),
('FFC', 'Fauji Fertilizer Company Limited', 'Fertilizer', 'Compliant', 'Market leader in fertilizer manufacturing in Pakistan.', '180.5 Billion', '45.2 Billion', 12.5, '15%', '135.2 Billion', '1.2 Billion', '45%'),
('GAL', 'Ghandhara Automobiles', 'Automobile', 'Compliant', 'Assembler and manufacturer of automobiles.', '12.5 Billion', '6.5 Billion', 4.5, '10%', '8.5 Billion', '50 Million', '45%'),
('GHNI', 'Ghandhara Industries Limited', 'Automobile', 'Compliant', 'Manufacturer of Isuzu vehicles in Pakistan.', '25.4 Billion', '12.5 Billion', 15.2, '14%', '15.6 Billion', '42 Million', '35%'),
('HBL', 'Habib Bank Limited', 'Banking', 'Compliant', 'The largest banking network in Pakistan.', '3,200 Billion', '2,800 Billion', 22.5, '11%', '215.4 Billion', '1.46 Billion', '30%'),
('HUBC', 'The Hub Power Company Limited', 'Power Generation', 'Compliant', 'Largest Independent Power Producer (IPP) in Pakistan.', '350.2 Billion', '180.5 Billion', 18.2, '8%', '115.6 Billion', '1.29 Billion', '55%'),
('LUCK', 'Lucky Cement Limited', 'Cement', 'Compliant', 'Largest cement producer and exporter.', '320.5 Billion', '85.4 Billion', 45.8, '15%', '240.5 Billion', '313 Million', '40%'),
('MARI', 'Mari Energies Limited', 'Oil & Gas', 'Compliant', 'Fully integrated exploration and production company.', '210.5 Billion', '45.2 Billion', 150.4, '12%', '220.5 Billion', '134 Million', '25%'),
('MCB', 'MCB Bank Limited', 'Banking', 'Compliant', 'One of the leading banks known for technology.', '1,900 Billion', '1,600 Billion', 28.4, '10%', '180.5 Billion', '1.18 Billion', '30%'),
('MEBL', 'Meezan Bank Limited', 'Banking', 'Compliant', 'The largest Islamic bank in Pakistan.', '1,800 Billion', '1,500 Billion', 32.1, '25%', '190.8 Billion', '1.7 Billion', '35%'),
('MLCF', 'Maple Leaf Cement Factory', 'Cement', 'Compliant', 'Part of the Kohinoor Maple Leaf Group.', '85.2 Billion', '38.4 Billion', 6.2, '8%', '38.5 Billion', '1.1 Billion', '45%'),
('NBP', 'National Bank of Pakistan', 'Banking', 'Compliant', 'State-owned bank acting as agent to the Central Bank.', '3,500 Billion', '3,100 Billion', 18.5, '8%', '95.4 Billion', '2.1 Billion', '25%'),
('OGDC', 'Oil & Gas Development Company', 'Oil & Gas', 'Compliant', 'The largest E&P listed company in Pakistan.', '850.5 Billion', '120.2 Billion', 45.8, '5%', '650.2 Billion', '4.3 Billion', '15%'),
('PAEL', 'Pak Elektron Limited', 'Engineering', 'Compliant', 'Manufacturer of major home appliances and electrical equipment.', '35.6 Billion', '18.2 Billion', 2.4, '12%', '12.5 Billion', '500 Million', '60%'),
('POL', 'Pakistan Oilfields Limited', 'Oil & Gas', 'Compliant', 'Engaged in exploration and production of oil and gas.', '110.5 Billion', '25.4 Billion', 55.4, '7%', '150.2 Billion', '284 Million', '30%'),
('PPL', 'Pakistan Petroleum Limited', 'Oil & Gas', 'Compliant', 'Pioneer of the natural gas industry in Pakistan.', '520.3 Billion', '85.4 Billion', 28.4, '6%', '210.5 Billion', '2.7 Billion', '20%'),
('PRL', 'Pakistan Refinery Limited', 'Refinery', 'Compliant', 'Engaged in production and sale of petroleum products.', '65.4 Billion', '45.2 Billion', 5.2, '6%', '15.4 Billion', '630 Million', '40%'),
('PSO', 'Pakistan State Oil Company', 'Oil & Gas', 'Non-Compliant', 'The largest oil marketing company in Pakistan.', '560.5 Billion', '410.2 Billion', 45.2, '4%', '85.4 Billion', '469 Million', '45%'),
('SAZEW', 'Sazgar Engineering Works', 'Automobile', 'Compliant', 'Market leader in CNG rickshaws and Haval SUVs.', '18.5 Billion', '8.4 Billion', 12.5, '45%', '25.4 Billion', '60 Million', '40%'),
('SEARL', 'The Searle Company Limited', 'Pharma', 'Compliant', 'One of the leading pharmaceutical companies.', '45.2 Billion', '18.5 Billion', 8.4, '16%', '35.6 Billion', '312 Million', '40%'),
('SNGP', 'Sui Northern Gas Pipelines', 'Oil & Gas', 'Compliant', 'Largest integrated gas company in Pakistan.', '450.5 Billion', '310.2 Billion', 12.5, '3%', '40.5 Billion', '634 Million', '35%'),
('SSGC', 'Sui Southern Gas Company', 'Oil & Gas', 'Compliant', 'Public listed large scale natural gas distribution company.', '380.5 Billion', '290.4 Billion', 8.5, '2%', '25.4 Billion', '880 Million', '25%'),
('SYS', 'Systems Limited', 'Technology', 'Compliant', 'Global technology player and market leader.', '35.4 Billion', '10.2 Billion', 25.4, '35%', '120.5 Billion', '290 Million', '60%'),
('UBL', 'United Bank Limited', 'Banking', 'Compliant', 'One of the largest commercial banks in Pakistan.', '2,500 Billion', '2,100 Billion', 25.4, '12%', '185.3 Billion', '1.22 Billion', '40%');

-- --------------------------------------------------------

--
-- Table structure for table `kse_index`
--

CREATE TABLE `kse_index` (
  `id` int(11) NOT NULL,
  `date` date DEFAULT NULL,
  `current` float DEFAULT NULL,
  `open` float DEFAULT NULL,
  `high` float DEFAULT NULL,
  `low` float DEFAULT NULL,
  `pred_close` float DEFAULT NULL
) ENGINE=InnoDB DEFAULT CHARSET=utf8mb4 COLLATE=utf8mb4_general_ci;

--
-- Dumping data for table `kse_index`
--

INSERT INTO `kse_index` (`id`, `date`, `current`, `open`, `high`, `low`, `pred_close`) VALUES
(1, '2025-11-06', 78281.3, 78735.3, 79000, 77000, 78500),
(2, '2025-11-07', 78907.2, 78961.5, 79000, 77000, 78500),
(3, '2025-11-08', 78161.2, 78236.7, 79000, 77000, 78500),
(4, '2025-11-09', 78038.6, 78576.1, 79000, 77000, 78500),
(5, '2025-11-10', 78030.6, 78256, 79000, 77000, 78500),
(6, '2025-11-11', 78227.1, 78349.7, 79000, 77000, 78500),
(7, '2025-11-12', 78525.5, 78690.3, 79000, 77000, 78500),
(8, '2025-11-13', 78707.9, 78160.7, 79000, 77000, 78500),
(9, '2025-11-14', 78945.2, 78148.1, 79000, 77000, 78500),
(10, '2025-11-15', 78022.5, 78448.4, 79000, 77000, 78500),
(11, '2025-11-16', 78517, 78967.9, 79000, 77000, 78500),
(12, '2025-11-17', 78659.3, 78737.1, 79000, 77000, 78500),
(13, '2025-11-18', 78154.1, 78068.4, 79000, 77000, 78500),
(14, '2025-11-19', 78864.5, 78409, 79000, 77000, 78500),
(15, '2025-11-20', 78470.6, 78312.9, 79000, 77000, 78500),
(16, '2025-11-21', 78282.4, 78514.7, 79000, 77000, 78500),
(17, '2025-11-22', 78508.6, 78554.4, 79000, 77000, 78500),
(18, '2025-11-23', 78886.2, 78205.6, 79000, 77000, 78500),
(19, '2025-11-24', 78330.3, 78120.4, 79000, 77000, 78500),
(20, '2025-11-25', 78326, 78924.5, 79000, 77000, 78500),
(21, '2025-11-26', 78014.5, 78411, 79000, 77000, 78500),
(22, '2025-11-27', 78116.9, 78455.3, 79000, 77000, 78500),
(23, '2025-11-28', 78670.1, 78700.9, 79000, 77000, 78500),
(24, '2025-11-29', 78990.8, 78506.9, 79000, 77000, 78500),
(25, '2025-11-30', 78647.1, 78383.4, 79000, 77000, 78500),
(26, '2025-12-01', 78443.7, 78803.5, 79000, 77000, 78500),
(27, '2025-12-02', 78529.6, 78548.1, 79000, 77000, 78500),
(28, '2025-12-03', 78735.5, 78300.8, 79000, 77000, 78500),
(29, '2025-12-04', 78791.1, 78001.3, 79000, 77000, 78500),
(30, '2025-12-05', 78476.2, 78296, 79000, 77000, 78500),
(31, '2025-12-06', 78765.2, 78854.9, 79000, 77000, 78500),
(32, '2025-12-07', 78596, 78287.4, 79000, 77000, 78500),
(33, '2025-12-08', 78405.2, 78013.8, 79000, 77000, 78500),
(34, '2025-12-09', 78412.2, 78053.5, 79000, 77000, 78500),
(35, '2025-12-10', 78711.9, 78085.9, 79000, 77000, 78500),
(36, '2025-12-11', 78608.2, 78965.5, 79000, 77000, 78500),
(37, '2025-12-12', 78089.9, 78809.3, 79000, 77000, 78500);

-- --------------------------------------------------------

--
-- Table structure for table `stocks`
--

CREATE TABLE `stocks` (
  `id` int(11) NOT NULL,
  `symbol` varchar(20) DEFAULT NULL,
  `date` date DEFAULT NULL,
  `last` float DEFAULT NULL,
  `open` float DEFAULT NULL,
  `high` float DEFAULT NULL,
  `low` float DEFAULT NULL,
  `volume` int(11) DEFAULT NULL,
  `pred_close` float DEFAULT NULL,
  `confidence_lower` float DEFAULT NULL,
  `confidence_upper` float DEFAULT NULL
) ENGINE=InnoDB DEFAULT CHARSET=utf8mb4 COLLATE=utf8mb4_general_ci;

--
-- Dumping data for table `stocks`
--

INSERT INTO `stocks` (`id`, `symbol`, `date`, `last`, `open`, `high`, `low`, `volume`, `pred_close`, `confidence_lower`, `confidence_upper`) VALUES
(1, 'ATRL', '2025-11-06', 74.1185, 75.8847, 113.118, 73.0578, 2002129, 77.3322, 59.5696, 140.516),
(2, 'BAHL', '2025-11-06', 131.009, 102.536, 76.3283, 111.174, 2135940, 73.9984, 131.264, 127.118),
(3, 'BOP', '2025-11-06', 140.807, 89.9334, 83.4228, 84.6815, 4334382, 74.9511, 105.433, 86.3971),
(4, 'DGKC', '2025-11-06', 128.469, 144.04, 93.9115, 72.3874, 4655656, 145.411, 133.492, 126.71),
(5, 'EFERT', '2025-11-06', 131.828, 145.639, 91.8668, 57.8182, 1239701, 148.446, 57.4722, 117.135),
(6, 'ENGROH', '2025-11-06', 126.297, 145.343, 107.269, 132.687, 3073898, 102.217, 115.51, 57.0511),
(7, 'FCCL', '2025-11-06', 56.9028, 70.7956, 139.582, 117.3, 4396777, 81.4009, 132.21, 109.258),
(8, 'FFC', '2025-11-06', 52.7725, 100.68, 102.169, 142.825, 1410133, 104.831, 127.638, 115.922),
(9, 'GAL', '2025-11-06', 98.9401, 112.36, 123.07, 110.543, 101203, 72.4404, 49.9164, 102.426),
(10, 'GHNI', '2025-11-06', 80.1114, 57.3326, 101.209, 70.9392, 3213079, 105.188, 121.553, 81.1758),
(11, 'HBL', '2025-11-06', 52.7006, 80.7566, 101.755, 101.999, 1056266, 94.3181, 98.3682, 91.9533),
(12, 'HUBC', '2025-11-06', 77.2365, 72.7242, 87.2961, 56.3949, 1548778, 83.0629, 112.362, 99.3904),
(13, 'LUCK', '2025-11-06', 68.4602, 107.245, 87.9866, 55.1953, 1141221, 146.609, 54.4462, 106.142),
(14, 'MARI', '2025-11-06', 83.5043, 63.6152, 123.191, 59.8833, 2159994, 134.01, 127.126, 127.085),
(15, 'MCB', '2025-11-06', 53.7168, 54.9292, 67.5951, 112.599, 3783696, 135.017, 134.308, 58.6381),
(16, 'MEBL', '2025-11-06', 105.098, 106.873, 75.9559, 96.507, 3449165, 150.982, 133.46, 109.158),
(17, 'MLCF', '2025-11-06', 148.35, 79.0676, 106.369, 129.18, 2311557, 137.065, 132.853, 149.208),
(18, 'NBP', '2025-11-06', 140.978, 127.296, 71.3767, 111.856, 3038191, 62.016, 118.482, 93.8544),
(19, 'OGDC', '2025-11-06', 122.771, 94.7427, 61.389, 62.5509, 1929065, 102.439, 86.8087, 107.746),
(20, 'PAEL', '2025-11-06', 88.9424, 85.9982, 119.858, 75.3974, 1607929, 131.284, 50.7747, 133.645),
(21, 'POL', '2025-11-06', 126.066, 97.4997, 65.5102, 74.1611, 4284794, 102.47, 47.6816, 101.418),
(22, 'PPL', '2025-11-06', 82.3686, 71.3569, 64.5484, 49.1769, 3052731, 55.2788, 85.9687, 145.186),
(23, 'PRL', '2025-11-06', 69.882, 83.7469, 64.5845, 110.556, 3705313, 133.416, 131.248, 151.721),
(24, 'PSO', '2025-11-06', 58.011, 105.502, 110.98, 72.8303, 2258602, 103.939, 75.0836, 143.268),
(25, 'SAZEW', '2025-11-06', 95.1242, 115.12, 148.962, 128.731, 933264, 100.246, 133.256, 56.2689),
(26, 'SEARL', '2025-11-06', 97.1379, 74.1719, 135.856, 89.3732, 2820457, 109.539, 69.3925, 94.3536),
(27, 'SNGP', '2025-11-06', 80.1685, 80.4483, 118.115, 83.5088, 3933394, 139.077, 49.8724, 104.355),
(28, 'SSGC', '2025-11-06', 89.4377, 98.0405, 78.3775, 134.369, 2751729, 64.4773, 51.3862, 135.384),
(29, 'SYS', '2025-11-06', 132.412, 123.998, 80.5954, 67.9381, 478883, 141.314, 67.2978, 88.6779),
(30, 'UBL', '2025-11-06', 59.7563, 94.4618, 150.767, 100.752, 3530376, 146.059, 105.68, 75.9893),
(32, 'ATRL', '2025-11-07', 133.261, 144.261, 80.3857, 104.754, 4901483, 70.1681, 50.6141, 113.368),
(33, 'BAHL', '2025-11-07', 130.015, 75.4052, 143.604, 122.933, 242136, 149.368, 118.67, 137.459),
(34, 'BOP', '2025-11-07', 129.817, 105.282, 94.1237, 90.5065, 4246676, 149.083, 79.0718, 129.514),
(35, 'DGKC', '2025-11-07', 117.034, 64.4776, 127.034, 75.7804, 650334, 134.383, 119.931, 86.1587),
(36, 'EFERT', '2025-11-07', 81.5512, 110.473, 64.5551, 129.047, 3426810, 149.115, 125.955, 73.5052),
(37, 'ENGROH', '2025-11-07', 102.273, 50.8344, 101.92, 93.6533, 3902898, 104.632, 79.6164, 61.1576),
(38, 'FCCL', '2025-11-07', 89.8063, 123.052, 104.099, 85.6567, 1542461, 92.9522, 64.231, 117.561),
(39, 'FFC', '2025-11-07', 106.977, 147.51, 75.5484, 71.8688, 2223832, 103.4, 74.5305, 141.893),
(40, 'GAL', '2025-11-07', 90.3205, 95.2324, 61.2103, 60.2384, 1365423, 52.6604, 74.8313, 91.8034),
(41, 'GHNI', '2025-11-07', 50.8499, 140.534, 109.363, 59.0296, 3975713, 118.037, 138.509, 134.81),
(42, 'HBL', '2025-11-07', 54.5569, 136.235, 75.8751, 106.92, 1117385, 85.277, 52.3644, 75.919),
(43, 'HUBC', '2025-11-07', 146.158, 63.2388, 133.533, 110.68, 3597630, 122.155, 84.4271, 138.092),
(44, 'LUCK', '2025-11-07', 140.969, 59.6929, 131.144, 109.736, 3708082, 136.229, 49.3212, 110.191),
(45, 'MARI', '2025-11-07', 118.968, 128.71, 146.01, 74.1915, 2454284, 119.495, 137.086, 122.398),
(46, 'MCB', '2025-11-07', 99.9461, 99.021, 51.273, 99.249, 2778479, 74.7648, 98.2433, 152.246),
(47, 'MEBL', '2025-11-07', 64.7398, 137.323, 152.317, 78.9111, 2730840, 132.835, 89.0595, 130.385),
(48, 'MLCF', '2025-11-07', 89.6395, 124.413, 111.618, 117.736, 3620195, 102.62, 86.2687, 104.195),
(49, 'NBP', '2025-11-07', 73.7389, 119.785, 136.431, 54.6819, 3886004, 122.419, 69.2313, 53.2918),
(50, 'OGDC', '2025-11-07', 85.1454, 122.23, 114.125, 136.261, 2977353, 81.4164, 118.19, 136.731),
(51, 'PAEL', '2025-11-07', 127.87, 97.7037, 61.0392, 52.0773, 4308660, 72.1603, 93.7742, 135.671),
(52, 'POL', '2025-11-07', 99.9256, 61.3752, 61.4031, 63.7097, 2222600, 128.503, 97.6569, 86.4066),
(53, 'PPL', '2025-11-07', 53.0696, 67.7875, 135.815, 108.138, 2613307, 131.6, 89.9522, 139.169),
(54, 'PRL', '2025-11-07', 128.649, 94.6631, 144.993, 72.4143, 2150538, 94.3111, 130.962, 62.0966),
(55, 'PSO', '2025-11-07', 132.135, 131.925, 122.28, 146.645, 4427217, 94.7452, 98.2324, 89.8708),
(56, 'SAZEW', '2025-11-07', 67.7486, 130.65, 108.733, 85.3564, 784380, 118.315, 131.72, 96.4265),
(57, 'SEARL', '2025-11-07', 93.2152, 139.166, 74.6785, 92.468, 2606640, 78.3747, 125.016, 78.9396),
(58, 'SNGP', '2025-11-07', 131.117, 79.2419, 57.9985, 92.2959, 15684, 120.22, 89.498, 67.15),
(59, 'SSGC', '2025-11-07', 87.1368, 92.8884, 58.8774, 55.992, 625243, 92.0314, 112.182, 70.4241),
(60, 'SYS', '2025-11-07', 131.094, 103.218, 79.5779, 124.761, 124167, 131.8, 137.775, 87.8273),
(61, 'UBL', '2025-11-07', 133.147, 64.1502, 76.0421, 125.794, 907521, 106.727, 70.2037, 107.607),
(63, 'ATRL', '2025-11-08', 58.584, 103.43, 98.5522, 117.283, 426036, 84.4113, 87.6996, 63.8928),
(64, 'BAHL', '2025-11-08', 77.3053, 53.4359, 89.7215, 125.327, 3776727, 94.9602, 136.322, 89.6937),
(65, 'BOP', '2025-11-08', 146.623, 125.58, 147.262, 89.5008, 1175610, 145.015, 139.99, 58.8573),
(66, 'DGKC', '2025-11-08', 88.198, 121.598, 101.528, 77.6235, 4871318, 151.004, 52.5022, 81.6908),
(67, 'EFERT', '2025-11-08', 73.2075, 81.8087, 146.424, 117.461, 3431747, 84.4349, 106.485, 62.6332),
(68, 'ENGROH', '2025-11-08', 111.985, 129.664, 70.2905, 99.6077, 73289, 103.432, 102.258, 85.0282),
(69, 'FCCL', '2025-11-08', 131.975, 66.2684, 90.5387, 91.144, 4936489, 115.783, 73.145, 95.6165),
(70, 'FFC', '2025-11-08', 74.3324, 146.987, 70.7505, 50.3719, 2445489, 91.2527, 99.766, 109.238),
(71, 'GAL', '2025-11-08', 55.1314, 112.413, 53.393, 69.6645, 4919631, 79.4917, 93.4281, 110.894),
(72, 'GHNI', '2025-11-08', 83.0286, 146.821, 145.284, 114.919, 2950665, 144.708, 132.368, 122.693),
(73, 'HBL', '2025-11-08', 116.248, 79.8806, 106.788, 128.778, 2147440, 121.731, 70.0952, 60.2107),
(74, 'HUBC', '2025-11-08', 115.364, 54.2431, 79.4195, 73.4394, 2055200, 81.5127, 76.2053, 114.412),
(75, 'LUCK', '2025-11-08', 54.1699, 93.0191, 58.4292, 53.4508, 42888, 142.07, 95.7087, 138.325),
(76, 'MARI', '2025-11-08', 106.454, 86.1827, 67.2236, 116, 4706051, 116.658, 90.3929, 83.2064),
(77, 'MCB', '2025-11-08', 60.7695, 114.954, 151.232, 140.129, 3507227, 122.973, 93.4277, 80.2805),
(78, 'MEBL', '2025-11-08', 137.253, 105.825, 74.162, 91.0014, 2308467, 52.7937, 116.705, 112.794),
(79, 'MLCF', '2025-11-08', 118.571, 119.383, 99.1769, 72.9054, 4013481, 78.9501, 47.5316, 68.9439),
(80, 'NBP', '2025-11-08', 128.205, 93.1, 138.3, 142.904, 1116772, 74.9593, 98.8752, 155.132),
(81, 'OGDC', '2025-11-08', 76.4855, 88.3017, 67.8421, 112.679, 3767757, 133.16, 126.484, 126.192),
(82, 'PAEL', '2025-11-08', 51.49, 145.433, 132.639, 58.297, 365931, 58.7142, 65.2732, 125.102),
(83, 'POL', '2025-11-08', 139.597, 89.644, 85.6368, 96.177, 1941293, 100.707, 77.9691, 64.295),
(84, 'PPL', '2025-11-08', 109.949, 114.883, 102.376, 101.641, 873596, 76.9746, 122.214, 67.8255),
(85, 'PRL', '2025-11-08', 87.0385, 90.4915, 148.83, 103.237, 4449224, 130.179, 73.6212, 53.351),
(86, 'PSO', '2025-11-08', 71.5644, 54.8365, 114.504, 142.22, 4441895, 109.909, 73.7115, 117.067),
(87, 'SAZEW', '2025-11-08', 74.6893, 88.0791, 72.1919, 134.236, 3627403, 52.3321, 134.354, 106.771),
(88, 'SEARL', '2025-11-08', 134.157, 114.567, 128.671, 130.899, 4470378, 147.789, 60.2379, 134.466),
(89, 'SNGP', '2025-11-08', 100.09, 65.5984, 82.6559, 55.2652, 1942980, 126.37, 103.565, 125.707),
(90, 'SSGC', '2025-11-08', 121.559, 97.6442, 80.0458, 143.56, 4851051, 147.092, 130.257, 103.591),
(91, 'SYS', '2025-11-08', 131.954, 112.658, 125.577, 121.703, 2579585, 86.251, 68.5996, 57.6022),
(92, 'UBL', '2025-11-08', 107.666, 122.515, 148.681, 105.417, 27270, 80.8225, 93.5514, 107.424),
(94, 'ATRL', '2025-11-09', 119.996, 127.679, 137.55, 134.614, 4112394, 100.146, 141.578, 102.566),
(95, 'BAHL', '2025-11-09', 91.3236, 112.435, 146.763, 126.137, 595096, 74.1093, 124.613, 90.0203),
(96, 'BOP', '2025-11-09', 85.1519, 117.373, 89.0844, 128.392, 4652420, 72.9273, 77.7869, 149.929),
(97, 'DGKC', '2025-11-09', 118.302, 112.014, 62.0349, 112.364, 4541453, 111.276, 74.4665, 116.975),
(98, 'EFERT', '2025-11-09', 71.8684, 74.3751, 112.227, 73.2594, 2184626, 95.141, 132.922, 70.3408),
(99, 'ENGROH', '2025-11-09', 65.203, 74.2909, 132.19, 71.4074, 3776517, 59.6481, 65.262, 122.127),
(100, 'FCCL', '2025-11-09', 125.466, 127.112, 117.895, 139.875, 3344857, 107.36, 124.252, 89.3232),
(101, 'FFC', '2025-11-09', 82.9726, 108.557, 152.339, 66.4424, 4546778, 51.7956, 79.4269, 119.897),
(102, 'GAL', '2025-11-09', 70.1174, 57.4431, 132.36, 122.258, 1723615, 99.0828, 82.7374, 95.7122),
(103, 'GHNI', '2025-11-09', 144.497, 98.0296, 113.841, 108.766, 1005115, 68.2294, 73.5893, 141.383),
(104, 'HBL', '2025-11-09', 90.8644, 99.3672, 80.8466, 142.29, 4409327, 106.404, 59.0827, 152.156),
(105, 'HUBC', '2025-11-09', 87.9747, 54.591, 63.0239, 91.6433, 4110157, 131.78, 100.478, 91.7769),
(106, 'LUCK', '2025-11-09', 69.7338, 135.085, 125.505, 54.7574, 512058, 84.4169, 82.8227, 141.924),
(107, 'MARI', '2025-11-09', 64.2826, 65.2571, 88.4682, 84.2006, 3469706, 90.1059, 130.992, 75.3808),
(108, 'MCB', '2025-11-09', 95.2965, 109.998, 122.049, 112.652, 789381, 135.426, 116.911, 66.2193),
(109, 'MEBL', '2025-11-09', 96.1365, 140.07, 70.3932, 69.1989, 2300840, 119.433, 50.5431, 64.3273),
(110, 'MLCF', '2025-11-09', 96.7107, 148.263, 110.847, 141.202, 4719841, 141.131, 109.706, 113.608),
(111, 'NBP', '2025-11-09', 144.549, 146.67, 58.2508, 89.2682, 4206197, 148.823, 80.1587, 136.33),
(112, 'OGDC', '2025-11-09', 146.057, 89.8656, 67.008, 104.028, 1683584, 151.405, 141.089, 149.998),
(113, 'PAEL', '2025-11-09', 118.733, 113.949, 70.6868, 50.1795, 2405771, 87.8361, 85.9618, 148.607),
(114, 'POL', '2025-11-09', 86.1964, 55.8255, 74.8248, 144.667, 901329, 148.746, 78.1725, 125.595),
(115, 'PPL', '2025-11-09', 101.211, 96.2395, 135.074, 118.083, 259338, 65.1004, 101.383, 94.7392),
(116, 'PRL', '2025-11-09', 80.9818, 83.3831, 130.745, 135.467, 330569, 119.547, 68.3846, 57.5694),
(117, 'PSO', '2025-11-09', 108.189, 125.196, 58.8906, 58.1121, 1164113, 139.903, 116.603, 155.555),
(118, 'SAZEW', '2025-11-09', 122.518, 116.965, 74.6437, 60.2313, 4388102, 54.973, 103.415, 137.552),
(119, 'SEARL', '2025-11-09', 78.4353, 147.68, 61.7634, 103.142, 2228817, 108.213, 96.881, 145.398),
(120, 'SNGP', '2025-11-09', 136.433, 115.574, 126.896, 119.38, 1792930, 114.982, 58.5577, 122.502),
(121, 'SSGC', '2025-11-09', 148.426, 140.701, 117.642, 98.3034, 2777066, 77.5457, 111.402, 111.295),
(122, 'SYS', '2025-11-09', 128.178, 72.176, 132.591, 79.6152, 811341, 138.788, 131.471, 136.197),
(123, 'UBL', '2025-11-09', 83.3827, 77.0026, 90.5291, 59.2204, 1794148, 99.109, 78.8404, 74.0946),
(125, 'ATRL', '2025-11-10', 126.46, 58.8764, 69.3366, 109.243, 2671444, 134.056, 98.1875, 72.0205),
(126, 'BAHL', '2025-11-10', 82.8893, 58.0868, 96.5939, 144.529, 2664747, 125.278, 57.2895, 83.3804),
(127, 'BOP', '2025-11-10', 66.1351, 141.022, 65.1019, 138.953, 873319, 62.586, 54.561, 53.8273),
(128, 'DGKC', '2025-11-10', 134.023, 65.6579, 81.1283, 145.75, 250425, 79.6586, 75.3579, 115.512),
(129, 'EFERT', '2025-11-10', 62.0824, 129.075, 117.961, 134.36, 1928262, 82.3364, 87.3149, 68.2378),
(130, 'ENGROH', '2025-11-10', 99.2108, 50.5781, 109.968, 133.079, 2776762, 70.996, 80.6164, 66.5888),
(131, 'FCCL', '2025-11-10', 112.511, 121.08, 126.459, 100.928, 2150114, 107.108, 96.1698, 144.915),
(132, 'FFC', '2025-11-10', 136.376, 116.661, 132.668, 143.88, 2193998, 79.7414, 59.9636, 135.179),
(133, 'GAL', '2025-11-10', 104.353, 84.6809, 65.9157, 114.178, 4433442, 94.7593, 97.9439, 88.2324),
(134, 'GHNI', '2025-11-10', 60.8577, 101.174, 79.9756, 132.74, 2101063, 104.798, 88.1005, 107.527),
(135, 'HBL', '2025-11-10', 83.819, 61.2576, 110.083, 101.916, 4810117, 69.7157, 53.6943, 131.802),
(136, 'HUBC', '2025-11-10', 108.065, 112.613, 96.4477, 79.9007, 1199343, 76.0939, 99.5047, 155.072),
(137, 'LUCK', '2025-11-10', 74.2128, 77.2209, 119.714, 100.773, 3102352, 102.765, 116.467, 60.6262),
(138, 'MARI', '2025-11-10', 70.9073, 130.006, 95.7497, 122.897, 2270321, 51.3265, 111.978, 91.2509),
(139, 'MCB', '2025-11-10', 130.912, 142.403, 78.0028, 98.8247, 3739375, 72.1273, 126.068, 104.24),
(140, 'MEBL', '2025-11-10', 148.273, 92.6021, 74.3244, 131.048, 2500629, 150.384, 89.7141, 79.2702),
(141, 'MLCF', '2025-11-10', 144.169, 142.917, 142.079, 111.119, 2452669, 106.158, 74.4539, 132.87),
(142, 'NBP', '2025-11-10', 147.598, 107.279, 151.997, 68.5978, 146888, 105.743, 108.931, 114.697),
(143, 'OGDC', '2025-11-10', 52.1844, 82.3834, 111.715, 145.016, 565133, 113.714, 122.58, 60.2645),
(144, 'PAEL', '2025-11-10', 149.879, 125.937, 139.139, 49.4184, 2145081, 63.8595, 83.0597, 102.348),
(145, 'POL', '2025-11-10', 75.0798, 131.645, 91.4274, 97.2642, 1367090, 140.351, 107.143, 101.876),
(146, 'PPL', '2025-11-10', 96.7782, 141.389, 75.2251, 88.4936, 1512380, 81.1427, 105.406, 66.9388),
(147, 'PRL', '2025-11-10', 135.895, 136.837, 136.081, 100.359, 589868, 52.2825, 117.261, 117.46),
(148, 'PSO', '2025-11-10', 139.037, 108.488, 82.4266, 122.793, 4203307, 145.877, 66.4649, 69.8443),
(149, 'SAZEW', '2025-11-10', 72.7026, 112.818, 103.716, 114.206, 3881860, 139.962, 56.9694, 140.817),
(150, 'SEARL', '2025-11-10', 140.654, 50.4241, 84.3607, 108.518, 277205, 96.4774, 57.9296, 71.7424),
(151, 'SNGP', '2025-11-10', 108.695, 87.6118, 67.7267, 114.173, 4166067, 67.7671, 81.2408, 80.1096),
(152, 'SSGC', '2025-11-10', 74.9243, 94.7797, 105.991, 80.7045, 1002, 53.576, 61.9092, 122.536),
(153, 'SYS', '2025-11-10', 138.004, 89.0168, 87.279, 105.928, 4187426, 95.4166, 115.058, 75.7604),
(154, 'UBL', '2025-11-10', 147.423, 69.9486, 62.228, 140.212, 1617244, 133.828, 62.2082, 83.8964),
(156, 'ATRL', '2025-11-11', 68.798, 66.5314, 81.2157, 143.576, 4682923, 130.063, 59.7572, 82.0941),
(157, 'BAHL', '2025-11-11', 52.2174, 75.7671, 77.5302, 98.4436, 3711673, 70.5073, 120.029, 75.9165),
(158, 'BOP', '2025-11-11', 132.47, 94.49, 132.409, 110.476, 3710697, 134.207, 134.663, 63.1234),
(159, 'DGKC', '2025-11-11', 125.336, 95.3635, 56.739, 136.369, 1443957, 128.21, 140.663, 114.983),
(160, 'EFERT', '2025-11-11', 53.342, 87.304, 133.521, 137.16, 354350, 116.712, 53.6962, 90.2389),
(161, 'ENGROH', '2025-11-11', 110.142, 141.456, 136.676, 89.5017, 2732613, 100.269, 125.805, 120.016),
(162, 'FCCL', '2025-11-11', 124.228, 126.954, 120.866, 56.6162, 1668521, 94.4726, 64.1963, 112.627),
(163, 'FFC', '2025-11-11', 83.5919, 144.708, 132.672, 60.609, 950866, 110.644, 86.1577, 78.5558),
(164, 'GAL', '2025-11-11', 51.9983, 84.6908, 124.171, 100.003, 2250557, 120.112, 56.6033, 95.6999),
(165, 'GHNI', '2025-11-11', 126.966, 110.29, 128.641, 143.456, 2678178, 129.952, 78.505, 81.047),
(166, 'HBL', '2025-11-11', 88.0277, 57.9898, 80.3704, 66.8812, 242355, 120.692, 78.7972, 111.542),
(167, 'HUBC', '2025-11-11', 132.32, 91.9772, 119.924, 57.961, 2150090, 138.953, 55.9376, 138.26),
(168, 'LUCK', '2025-11-11', 131.735, 112.512, 125.497, 121.749, 2603140, 88.488, 77.7776, 101.346),
(169, 'MARI', '2025-11-11', 86.9872, 94.4217, 67.2339, 91.5825, 3475544, 67.872, 121.094, 90.0226),
(170, 'MCB', '2025-11-11', 96.2778, 73.4396, 134.715, 86.0678, 2145017, 51.5392, 120.121, 135.586),
(171, 'MEBL', '2025-11-11', 116.32, 142.767, 124.526, 125.239, 3636201, 81.0364, 78.8483, 130.503),
(172, 'MLCF', '2025-11-11', 122.449, 88.4868, 132.146, 127.039, 2974758, 109.666, 61.1951, 153.655),
(173, 'NBP', '2025-11-11', 88.4447, 52.6759, 51.72, 141.027, 3370503, 106.387, 118.216, 58.9995),
(174, 'OGDC', '2025-11-11', 57.6355, 68.9115, 127.634, 65.4966, 2938640, 94.2978, 85.9775, 128.541),
(175, 'PAEL', '2025-11-11', 90.5941, 134.352, 57.899, 124.157, 3158256, 137.109, 84.8004, 93.5157),
(176, 'POL', '2025-11-11', 127.522, 119.218, 70.935, 133.725, 3682013, 59.4262, 69.605, 146.82),
(177, 'PPL', '2025-11-11', 129.337, 76.4283, 150.95, 57.1833, 2389029, 64.4906, 72.1229, 144.94),
(178, 'PRL', '2025-11-11', 112.432, 97.0658, 104.994, 69.1293, 2194668, 108.925, 102.174, 67.4322),
(179, 'PSO', '2025-11-11', 148.449, 98.5873, 104.619, 62.8078, 637224, 72.1683, 113.084, 137.356),
(180, 'SAZEW', '2025-11-11', 146.972, 91.4876, 72.5663, 125.912, 1449000, 60.0484, 104.813, 129.449),
(181, 'SEARL', '2025-11-11', 135.436, 56.7544, 132.936, 127.07, 2866368, 98.6243, 110.444, 145.258),
(182, 'SNGP', '2025-11-11', 92.933, 98.6464, 70.8037, 96.1854, 4124773, 119.213, 135.542, 114.745),
(183, 'SSGC', '2025-11-11', 68.3766, 63.4004, 66.3761, 81.5854, 1051420, 55.9446, 108.175, 55.8279),
(184, 'SYS', '2025-11-11', 74.2423, 61.086, 138.504, 140.956, 589900, 128.767, 96.9639, 81.7527),
(185, 'UBL', '2025-11-11', 133.097, 81.0851, 61.4352, 103.332, 2325588, 117.399, 134.566, 115.008),
(187, 'ATRL', '2025-11-12', 56.6914, 77.7753, 74.185, 76.4099, 3582753, 125.611, 101.529, 116.823),
(188, 'BAHL', '2025-11-12', 85.6842, 143.193, 118.469, 94.8752, 1780940, 88.5363, 124.87, 151.444),
(189, 'BOP', '2025-11-12', 76.8337, 100.457, 129.397, 78.2843, 941525, 55.0519, 110.24, 70.0272),
(190, 'DGKC', '2025-11-12', 135.335, 125.332, 78.5231, 54.0216, 2233492, 58.5569, 53.0823, 58.2216),
(191, 'EFERT', '2025-11-12', 59.6172, 80.9214, 81.4392, 101.915, 4022490, 91.1656, 104.467, 135.489),
(192, 'ENGROH', '2025-11-12', 65.2918, 88.4528, 102.873, 84.5166, 1431957, 85.3161, 129.617, 82.7218),
(193, 'FCCL', '2025-11-12', 134.595, 85.7623, 80.9442, 85.1614, 4821292, 122.645, 111.984, 78.8502),
(194, 'FFC', '2025-11-12', 71.8438, 83.0935, 55.2154, 67.488, 4096419, 104.076, 65.9722, 92.4885),
(195, 'GAL', '2025-11-12', 82.0883, 95.2265, 86.3709, 83.1251, 3503775, 96.8721, 65.8716, 114.401),
(196, 'GHNI', '2025-11-12', 86.7527, 56.3334, 75.7392, 49.552, 1502695, 99.5656, 97.6005, 71.3449),
(197, 'HBL', '2025-11-12', 81.5254, 53.2468, 75.8339, 59.173, 3943118, 114.302, 122.8, 59.644),
(198, 'HUBC', '2025-11-12', 146.231, 109.636, 66.3229, 140.026, 967440, 68.7752, 78.3038, 60.7343),
(199, 'LUCK', '2025-11-12', 91.9361, 134.792, 56.0605, 114.018, 841983, 136.516, 119.037, 74.5679),
(200, 'MARI', '2025-11-12', 129.18, 82.018, 78.2275, 83.2304, 4728191, 119.213, 101.147, 134.666),
(201, 'MCB', '2025-11-12', 71.8564, 123.277, 58.1827, 60.4099, 1854394, 101.516, 86.7285, 110.178),
(202, 'MEBL', '2025-11-12', 100.779, 137.707, 146.019, 145.514, 647502, 120.493, 54.7676, 84.368),
(203, 'MLCF', '2025-11-12', 78.8018, 101.928, 130.951, 81.3833, 1503519, 102.232, 110.091, 132.059),
(204, 'NBP', '2025-11-12', 131.194, 127.374, 101.715, 61.3678, 696990, 82.6567, 64.0038, 148.414),
(205, 'OGDC', '2025-11-12', 54.6172, 98.0551, 83.0034, 58.548, 2729329, 94.6415, 99.5242, 97.3334),
(206, 'PAEL', '2025-11-12', 99.2053, 67.2516, 93.8795, 104.273, 2794417, 60.8415, 126.854, 143.781),
(207, 'POL', '2025-11-12', 134.08, 108.501, 97.658, 97.9278, 620100, 62.8535, 70.2523, 139.708),
(208, 'PPL', '2025-11-12', 93.4289, 116.798, 60.7934, 92.1924, 4578273, 76.3617, 98.1653, 146.834),
(209, 'PRL', '2025-11-12', 139.216, 125.288, 66.4213, 94.0155, 4215709, 135.106, 110.105, 134.602),
(210, 'PSO', '2025-11-12', 143.265, 80.9306, 131.523, 146.489, 3027875, 54.8965, 85.5876, 144.273),
(211, 'SAZEW', '2025-11-12', 66.7352, 70.7543, 109.282, 69.8631, 1751344, 61.8806, 96.1958, 76.1144),
(212, 'SEARL', '2025-11-12', 108.673, 75.1377, 105.533, 136.836, 4387609, 121.074, 129.312, 74.5128),
(213, 'SNGP', '2025-11-12', 96.4692, 118.258, 59.0116, 79.2968, 1550597, 113.438, 65.1099, 58.5272),
(214, 'SSGC', '2025-11-12', 123.091, 97.2512, 73.3332, 112.48, 2909610, 148.101, 55.6652, 108.225),
(215, 'SYS', '2025-11-12', 89.5732, 87.7649, 127.028, 104.597, 3002400, 80.8447, 114.074, 115.767),
(216, 'UBL', '2025-11-12', 141.038, 123.184, 152.008, 119.415, 3108839, 146.782, 133.107, 120.307),
(218, 'ATRL', '2025-11-13', 137.501, 79.6044, 142.33, 104.341, 686830, 150.763, 99.8851, 134.295),
(219, 'BAHL', '2025-11-13', 74.0717, 135.293, 113.304, 93.5261, 2196287, 134.658, 128.103, 130.465),
(220, 'BOP', '2025-11-13', 66.7249, 109.76, 106.25, 135.465, 3932421, 79.3381, 53.9767, 103.352),
(221, 'DGKC', '2025-11-13', 71.6983, 112.069, 102.927, 112.645, 3599564, 116.276, 56.6686, 108.025),
(222, 'EFERT', '2025-11-13', 85.4507, 67.9248, 139.436, 125.126, 1414519, 58.9975, 101.836, 116.274),
(223, 'ENGROH', '2025-11-13', 82.0996, 127.003, 148.036, 88.9898, 931540, 121.944, 140.399, 133.07),
(224, 'FCCL', '2025-11-13', 140.302, 70.5983, 87.3628, 63.0287, 3231278, 131.485, 54.1853, 151.869),
(225, 'FFC', '2025-11-13', 102.076, 125.201, 77.6223, 50.0832, 1361277, 83.6401, 125.764, 66.654),
(226, 'GAL', '2025-11-13', 70.2505, 109.704, 95.1763, 82.4314, 2031905, 51.358, 125.717, 62.0735),
(227, 'GHNI', '2025-11-13', 148.588, 114.433, 83.822, 111.844, 1204809, 78.8831, 112.311, 112.142),
(228, 'HBL', '2025-11-13', 129.344, 75.5533, 146.42, 136.021, 3166799, 101.293, 105.869, 111.65),
(229, 'HUBC', '2025-11-13', 147.347, 67.0577, 149.566, 78.3628, 2995502, 60.2606, 112.66, 67.1543),
(230, 'LUCK', '2025-11-13', 114.013, 126.916, 151.928, 107.949, 195662, 90.0008, 127.119, 54.3014),
(231, 'MARI', '2025-11-13', 107.151, 129.302, 83.2209, 64.7979, 4291712, 132.118, 91.721, 147.327),
(232, 'MCB', '2025-11-13', 61.9115, 137.237, 58.5301, 118.621, 1653194, 103.215, 106.183, 107.394),
(233, 'MEBL', '2025-11-13', 126.084, 72.8443, 142.442, 124.955, 928900, 111.479, 91.3336, 104.557),
(234, 'MLCF', '2025-11-13', 59.4706, 147.131, 116.968, 75.9704, 2179027, 86.1937, 91.1619, 77.4676),
(235, 'NBP', '2025-11-13', 131.014, 82.8953, 77.1344, 75.3735, 2884640, 58.3062, 109.788, 57.3761),
(236, 'OGDC', '2025-11-13', 76.5213, 67.9877, 65.0849, 61.7597, 1183707, 130.604, 71.7539, 146.706),
(237, 'PAEL', '2025-11-13', 122.01, 139.481, 90.1857, 68.0298, 4091942, 101.949, 56.223, 150.246),
(238, 'POL', '2025-11-13', 87.9099, 59.6729, 89.4015, 105.267, 3706648, 149.902, 113.706, 108.357),
(239, 'PPL', '2025-11-13', 106.914, 74.228, 106.231, 142.892, 829759, 147.007, 74.0753, 108.375),
(240, 'PRL', '2025-11-13', 132.15, 100.096, 60.2661, 139.259, 1662703, 141.366, 95.0639, 136.961),
(241, 'PSO', '2025-11-13', 101.992, 67.9575, 88.9884, 78.6799, 1984888, 58.2083, 65.6131, 128.558),
(242, 'SAZEW', '2025-11-13', 54.9824, 57.0268, 74.5284, 139.676, 4671646, 140.98, 111.741, 125.325),
(243, 'SEARL', '2025-11-13', 93.9209, 60.9172, 77.4178, 142.003, 4840388, 150.828, 53.4371, 87.4065),
(244, 'SNGP', '2025-11-13', 97.4725, 86.7536, 97.6467, 64.455, 2082802, 112.079, 123.383, 69.7999),
(245, 'SSGC', '2025-11-13', 92.7506, 113.182, 146.24, 121.408, 4465730, 75.6636, 101.297, 61.3199),
(246, 'SYS', '2025-11-13', 122.113, 84.5136, 112.706, 143.452, 20474, 63.5375, 107.648, 134.234),
(247, 'UBL', '2025-11-13', 149.27, 111.695, 67.6307, 140.194, 818022, 53.164, 108.402, 65.7528),
(249, 'ATRL', '2025-11-14', 118.007, 140.393, 107.137, 146.751, 1681073, 120.059, 88.8111, 63.8576),
(250, 'BAHL', '2025-11-14', 73.628, 134.333, 109.715, 79.1363, 4053227, 63.6995, 68.5427, 127.622),
(251, 'BOP', '2025-11-14', 141.273, 90.8154, 86.5404, 97.0389, 2028301, 106.83, 101.805, 71.9221),
(252, 'DGKC', '2025-11-14', 70.9978, 98.5023, 137.183, 121.493, 819241, 111.106, 95.832, 130.579),
(253, 'EFERT', '2025-11-14', 69.1774, 121.576, 57.6185, 62.7505, 2534470, 61.9672, 51.9649, 146.411),
(254, 'ENGROH', '2025-11-14', 83.0941, 145.682, 139.218, 89.1578, 2271160, 54.7258, 127.918, 63.7337),
(255, 'FCCL', '2025-11-14', 149.543, 114.464, 81.0609, 98.4865, 3203382, 120.038, 96.9403, 108.848),
(256, 'FFC', '2025-11-14', 62.1966, 148.489, 115.621, 65.4668, 4697643, 70.0493, 61.6743, 69.8609),
(257, 'GAL', '2025-11-14', 87.91, 89.048, 138.727, 58.9902, 4647430, 85.0024, 134.86, 112.674),
(258, 'GHNI', '2025-11-14', 60.6662, 130.093, 127.536, 79.3375, 1483853, 106.57, 131.618, 132.491),
(259, 'HBL', '2025-11-14', 65.271, 96.8323, 146.104, 71.3087, 1705135, 52.7439, 55.8603, 91.7036),
(260, 'HUBC', '2025-11-14', 110.282, 138.008, 118.487, 110.361, 728650, 136.376, 124.841, 107.079),
(261, 'LUCK', '2025-11-14', 65.6653, 71.6626, 117.235, 105.371, 4640021, 142.851, 122.343, 73.0811),
(262, 'MARI', '2025-11-14', 111.658, 98.4939, 114.718, 111.601, 1599262, 119.474, 90.7241, 76.2536),
(263, 'MCB', '2025-11-14', 126.615, 64.5566, 98.1219, 132.656, 4411155, 136.376, 104.935, 102.074),
(264, 'MEBL', '2025-11-14', 104.694, 81.0122, 147.971, 127.26, 703804, 81.6174, 58.7274, 122.497),
(265, 'MLCF', '2025-11-14', 147.863, 137.929, 105.084, 144.208, 1334239, 92.8904, 75.8092, 76.738),
(266, 'NBP', '2025-11-14', 76.0215, 109.747, 77.74, 96.5401, 3195233, 125.232, 121.835, 125.223),
(267, 'OGDC', '2025-11-14', 61.5592, 99.015, 66.7061, 75.4062, 4426548, 112.938, 88.8303, 86.1723),
(268, 'PAEL', '2025-11-14', 79.8276, 101.902, 127.678, 65.7354, 2993108, 99.0607, 105.272, 115.317),
(269, 'POL', '2025-11-14', 66.6888, 53.4275, 122.165, 85.2074, 3771138, 117.438, 52.3513, 80.5436),
(270, 'PPL', '2025-11-14', 68.2209, 60.3702, 51.2422, 115.882, 2026214, 149.358, 111.933, 100.257),
(271, 'PRL', '2025-11-14', 73.9402, 131.921, 96.3345, 120.019, 1450261, 78.3971, 96.0344, 128.711),
(272, 'PSO', '2025-11-14', 59.6416, 79.6586, 74.8592, 74.0558, 2883081, 62.2227, 128.296, 147.443),
(273, 'SAZEW', '2025-11-14', 146.964, 62.9187, 129.417, 91.8596, 4401672, 59.5539, 124.185, 133.048),
(274, 'SEARL', '2025-11-14', 91.3985, 125.587, 112.283, 117.444, 3447994, 86.1298, 113.53, 96.2815),
(275, 'SNGP', '2025-11-14', 149.967, 123.497, 126.297, 92.9709, 144056, 131.099, 133.342, 65.5187),
(276, 'SSGC', '2025-11-14', 140.913, 66.6957, 65.3896, 67.0606, 2491181, 145.269, 66.198, 70.2647),
(277, 'SYS', '2025-11-14', 75.5474, 125.711, 59.426, 59.155, 1351443, 54.5982, 84.7413, 140.526),
(278, 'UBL', '2025-11-14', 51.5654, 105.262, 129.469, 64.3614, 2379201, 142.304, 58.6391, 142.737),
(280, 'ATRL', '2025-11-15', 140.453, 57.2689, 120.235, 64.5306, 3780199, 81.2821, 71.7958, 90.7629),
(281, 'BAHL', '2025-11-15', 55.4805, 67.3992, 126.438, 64.2414, 2794349, 83.6052, 138.915, 139.439),
(282, 'BOP', '2025-11-15', 75.3169, 126.905, 66.2837, 88.552, 2842188, 114.273, 90.4171, 90.778),
(283, 'DGKC', '2025-11-15', 96.7485, 73.6329, 134.27, 83.3574, 1518992, 97.6908, 87.8541, 128.331),
(284, 'EFERT', '2025-11-15', 83.6639, 100.644, 109.458, 79.947, 4297808, 85.8957, 63.9896, 138.235),
(285, 'ENGROH', '2025-11-15', 106.187, 85.1201, 62.565, 96.7762, 487072, 52.9782, 126.392, 60.7516),
(286, 'FCCL', '2025-11-15', 140.161, 76.4588, 117.985, 94.7299, 1815094, 92.4352, 141.26, 124.857),
(287, 'FFC', '2025-11-15', 98.476, 84.7879, 84.4497, 104.895, 4339951, 114.016, 98.8355, 138.102),
(288, 'GAL', '2025-11-15', 95.5184, 131.684, 131.084, 91.6575, 4104920, 131.207, 98.0824, 80.3243),
(289, 'GHNI', '2025-11-15', 122.763, 132.973, 54.3587, 111.245, 384910, 98.9244, 63.2987, 93.7819),
(290, 'HBL', '2025-11-15', 96.69, 64.8468, 89.1879, 88.8761, 4556604, 84.4268, 137.33, 128.119),
(291, 'HUBC', '2025-11-15', 126.417, 114.871, 51.9225, 55.2997, 1471410, 78.6348, 95.9466, 127.484),
(292, 'LUCK', '2025-11-15', 54.0787, 55.591, 69.8971, 121.692, 764814, 104.995, 70.1963, 112.965),
(293, 'MARI', '2025-11-15', 66.2584, 57.9481, 146.77, 91.9834, 1881317, 107.615, 113.877, 136.189),
(294, 'MCB', '2025-11-15', 138.908, 54.8746, 112.628, 133.096, 2390128, 132.891, 108.747, 134.005),
(295, 'MEBL', '2025-11-15', 144.71, 89.7703, 70.6409, 121.763, 673584, 95.5611, 126.027, 135.927),
(296, 'MLCF', '2025-11-15', 99.2908, 57.5109, 145.439, 86.8854, 776617, 112.803, 106.242, 77.8143),
(297, 'NBP', '2025-11-15', 85.0439, 52.3643, 60.5209, 86.2315, 3097700, 147.254, 135.963, 134.615),
(298, 'OGDC', '2025-11-15', 61.6671, 72.9844, 136.279, 94.9326, 4176443, 128.305, 80.3565, 96.4169),
(299, 'PAEL', '2025-11-15', 55.3705, 50.862, 143.582, 97.7144, 3812062, 82.9015, 77.5956, 117.764),
(300, 'POL', '2025-11-15', 65.741, 140.815, 65.2416, 140.238, 1180770, 89.6633, 69.3801, 156.273),
(301, 'PPL', '2025-11-15', 75.0636, 78.0347, 121.302, 105.987, 4199030, 96.4062, 119.051, 94.7404),
(302, 'PRL', '2025-11-15', 125.194, 104.232, 102.86, 135.593, 4463478, 132.581, 84.1071, 103.807),
(303, 'PSO', '2025-11-15', 78.7157, 145.519, 151.771, 51.9492, 933104, 135.625, 109.654, 130.493),
(304, 'SAZEW', '2025-11-15', 125.121, 101.737, 90.2326, 82.3412, 2735918, 122.742, 136.305, 107.956),
(305, 'SEARL', '2025-11-15', 133.638, 108.649, 99.7745, 107.654, 2789966, 150.939, 75.8325, 105.825),
(306, 'SNGP', '2025-11-15', 114.456, 118.725, 108.377, 119.059, 4434405, 79.7634, 122.364, 59.9539),
(307, 'SSGC', '2025-11-15', 149.083, 122.876, 125.802, 92.4412, 81607, 126.429, 114.941, 83.3913),
(308, 'SYS', '2025-11-15', 84.13, 131.065, 60.7475, 49.6016, 3720018, 121.362, 73.72, 81.3952),
(309, 'UBL', '2025-11-15', 104.796, 140.009, 145.581, 136.575, 3431593, 126.324, 113.497, 75.7383),
(311, 'ATRL', '2025-11-16', 67.4773, 101.825, 63.0742, 49.6134, 3380848, 87.0693, 121.776, 138.919),
(312, 'BAHL', '2025-11-16', 126.963, 87.024, 110.799, 126.836, 1062171, 119.122, 119.685, 132.398),
(313, 'BOP', '2025-11-16', 102.513, 83.4408, 65.1581, 114.22, 4555775, 106.983, 53.4567, 119.26),
(314, 'DGKC', '2025-11-16', 149.095, 54.1852, 77.9046, 66.3338, 465338, 144.906, 84.9637, 70.102),
(315, 'EFERT', '2025-11-16', 115.513, 126, 142.621, 65.9601, 852837, 84.1986, 62.3717, 134.586),
(316, 'ENGROH', '2025-11-16', 93.9239, 133.736, 146.537, 61.7952, 4214561, 133.61, 103.134, 100.747),
(317, 'FCCL', '2025-11-16', 104.06, 81.6277, 51.0828, 51.9883, 750147, 117.025, 127.609, 77.7262),
(318, 'FFC', '2025-11-16', 117.15, 112.536, 68.2549, 140.693, 853468, 55.2019, 115.965, 101.196),
(319, 'GAL', '2025-11-16', 65.6787, 88.3701, 101.263, 77.0279, 4758332, 141.434, 108.935, 108.401),
(320, 'GHNI', '2025-11-16', 122.191, 50.7253, 142.408, 92.4782, 2649026, 82.6241, 47.5842, 57.7764),
(321, 'HBL', '2025-11-16', 74.8598, 58.6312, 123.969, 78.419, 1774146, 138.73, 76.3175, 146.581),
(322, 'HUBC', '2025-11-16', 107.004, 65.5532, 61.2665, 50.6465, 3910249, 137.344, 138.042, 72.0133),
(323, 'LUCK', '2025-11-16', 56.9981, 127.946, 127.7, 86.5009, 3287144, 64.5549, 116.233, 73.5033),
(324, 'MARI', '2025-11-16', 132.966, 103.771, 76.7007, 109.297, 1602399, 126.913, 125.534, 140.419),
(325, 'MCB', '2025-11-16', 122.241, 59.4062, 84.9751, 84.7953, 4135128, 54.4746, 115.49, 100.838),
(326, 'MEBL', '2025-11-16', 65.4768, 88.3819, 101.942, 80.252, 481030, 103.458, 79.1419, 62.1967),
(327, 'MLCF', '2025-11-16', 96.253, 53.0245, 131.622, 131.837, 4275650, 125.222, 60.2042, 99.6631),
(328, 'NBP', '2025-11-16', 134.468, 136.21, 137.219, 107.684, 2291262, 100.475, 56.9309, 53.7544),
(329, 'OGDC', '2025-11-16', 126.192, 126.1, 110.459, 107.157, 1092070, 81.9868, 133.333, 113.641),
(330, 'PAEL', '2025-11-16', 70.0934, 75.0218, 120.99, 113.435, 1144899, 67.9115, 64.1263, 90.0792),
(331, 'POL', '2025-11-16', 76.4445, 74.1047, 96.8314, 98.1021, 786132, 79.0837, 137.119, 143.614),
(332, 'PPL', '2025-11-16', 100.87, 142.582, 68.8518, 54.3339, 3735427, 108.286, 106.349, 92.492),
(333, 'PRL', '2025-11-16', 54.5996, 58.148, 81.4754, 71.7195, 1314124, 112.981, 76.4433, 122.582),
(334, 'PSO', '2025-11-16', 92.323, 60.7673, 81.5356, 64.2299, 4394649, 144.271, 48.0087, 77.8559),
(335, 'SAZEW', '2025-11-16', 69.1362, 72.5033, 110.945, 72.659, 2219986, 100.569, 61.4334, 78.3446),
(336, 'SEARL', '2025-11-16', 129.07, 70.7911, 122.729, 134.351, 1224773, 112.312, 78.3884, 135.419),
(337, 'SNGP', '2025-11-16', 147.308, 98.6338, 108.351, 80.5964, 4626363, 117.072, 96.8823, 117.777),
(338, 'SSGC', '2025-11-16', 104.901, 136.618, 127.793, 61.1942, 1817650, 95.3801, 59.9637, 86.406),
(339, 'SYS', '2025-11-16', 72.0979, 62.9791, 52.818, 115.705, 1749222, 121.931, 93.73, 85.203),
(340, 'UBL', '2025-11-16', 59.7393, 104.207, 99.0193, 117.219, 341192, 76.0379, 53.156, 109.109),
(342, 'ATRL', '2025-11-17', 78.8095, 102.656, 134.677, 97.1221, 4970541, 100.739, 95.4522, 55.8128),
(343, 'BAHL', '2025-11-17', 114.347, 61.6472, 120.675, 53.6375, 936783, 130.777, 86.6425, 123.446),
(344, 'BOP', '2025-11-17', 64.2295, 117.26, 152.526, 139.497, 3155695, 89.4223, 50.6756, 53.6583),
(345, 'DGKC', '2025-11-17', 145.488, 122.887, 136.861, 145.533, 1999241, 54.9579, 49.5088, 154.698),
(346, 'EFERT', '2025-11-17', 130.312, 58.9706, 58.0334, 54.6631, 410342, 74.4353, 136.677, 155.673),
(347, 'ENGROH', '2025-11-17', 59.6858, 102.613, 90.975, 83.3067, 2873042, 133.606, 84.5835, 103.242),
(348, 'FCCL', '2025-11-17', 74.523, 126.361, 65.9123, 88.3824, 2853544, 115.944, 97.6295, 125.424),
(349, 'FFC', '2025-11-17', 138.953, 85.5449, 66.4912, 114.376, 4399405, 90.7084, 80.8329, 111.306),
(350, 'GAL', '2025-11-17', 124.765, 55.2519, 55.8491, 55.2136, 871983, 119.359, 131.639, 92.72),
(351, 'GHNI', '2025-11-17', 75.8221, 63.5539, 146.383, 73.4789, 2217638, 97.7967, 48.5295, 120.68),
(352, 'HBL', '2025-11-17', 71.4144, 61.6503, 150.064, 96.8135, 2629062, 67.204, 71.2016, 131.386),
(353, 'HUBC', '2025-11-17', 50.8015, 127.332, 143.5, 66.2245, 791088, 77.1447, 127.717, 97.706),
(354, 'LUCK', '2025-11-17', 111.949, 129.279, 68.4171, 91.7523, 3344852, 54.147, 63.9951, 132.283),
(355, 'MARI', '2025-11-17', 77.8295, 60.584, 124.941, 77.2909, 1343376, 98.7103, 102.659, 101.967),
(356, 'MCB', '2025-11-17', 111.372, 114.371, 95.3838, 69.5698, 3720361, 59.6581, 68.5098, 140.044),
(357, 'MEBL', '2025-11-17', 100.53, 51.9995, 113.254, 144.64, 242891, 82.33, 88.3508, 73.9824),
(358, 'MLCF', '2025-11-17', 123.295, 54.5448, 56.7062, 61.4306, 2331930, 146.592, 81.4956, 150.679),
(359, 'NBP', '2025-11-17', 110.164, 69.606, 72.4745, 92.4532, 2926969, 110.774, 69.129, 89.0456),
(360, 'OGDC', '2025-11-17', 55.7248, 73.4661, 54.9435, 94.7724, 1096703, 120.746, 125.354, 53.6616),
(361, 'PAEL', '2025-11-17', 109.676, 143.611, 149.206, 143.294, 4612492, 123.82, 129.409, 66.4856),
(362, 'POL', '2025-11-17', 57.937, 148.229, 127.317, 122.424, 2507497, 76.7433, 122.994, 72.857),
(363, 'PPL', '2025-11-17', 108.535, 83.6675, 149.897, 128.626, 769163, 83.9939, 66.1787, 156.263),
(364, 'PRL', '2025-11-17', 85.1236, 127.861, 143.202, 63.2195, 68360, 114.44, 59.3122, 128.361),
(365, 'PSO', '2025-11-17', 73.9396, 52.4235, 94.8055, 54.7564, 26480, 136.377, 69.866, 118.269),
(366, 'SAZEW', '2025-11-17', 92.5544, 74.113, 149.578, 57.4659, 2662961, 91.284, 87.5171, 146.449),
(367, 'SEARL', '2025-11-17', 71.0085, 85.7494, 71.4533, 137.607, 4595857, 139.725, 110.158, 120.49),
(368, 'SNGP', '2025-11-17', 75.8962, 84.3715, 151.399, 133.749, 1855238, 76.8478, 65.6644, 70.7083),
(369, 'SSGC', '2025-11-17', 79.3451, 143.255, 138.183, 91.3982, 2994804, 120.887, 112.823, 88.9745),
(370, 'SYS', '2025-11-17', 117.404, 81.9773, 114.052, 59.4503, 3393501, 57.9331, 79.0278, 98.5505),
(371, 'UBL', '2025-11-17', 69.7264, 115.889, 128.64, 126.822, 3434952, 55.8165, 66.7113, 142.086),
(373, 'ATRL', '2025-11-18', 120.742, 81.7576, 102.705, 103.593, 1322989, 116.33, 91.6878, 91.3833),
(374, 'BAHL', '2025-11-18', 95.6181, 66.3254, 100.085, 136.834, 188302, 100.949, 84.029, 97.0287),
(375, 'BOP', '2025-11-18', 146.687, 105.146, 143.799, 133.548, 2921440, 84.1572, 134.267, 112.029),
(376, 'DGKC', '2025-11-18', 59.4717, 126.003, 110.124, 105.834, 803812, 56.9637, 127.081, 157.133),
(377, 'EFERT', '2025-11-18', 96.9433, 84.907, 89.7533, 130.02, 4969285, 99.898, 91.5682, 141.972),
(378, 'ENGROH', '2025-11-18', 136.892, 127.541, 85.1383, 79.2398, 2693888, 128.086, 68.8343, 138.423),
(379, 'FCCL', '2025-11-18', 91.7858, 112.3, 144.653, 116.403, 3422158, 86.7389, 117.867, 118.349),
(380, 'FFC', '2025-11-18', 141.356, 117.454, 121.516, 87.9485, 4565899, 88.2336, 59.7037, 107.258),
(381, 'GAL', '2025-11-18', 72.2126, 103.567, 57.5539, 115.923, 1108410, 56.5343, 107.7, 156.362),
(382, 'GHNI', '2025-11-18', 54.4769, 74.8796, 66.0442, 143.901, 1997146, 59.7924, 72.3643, 55.927),
(383, 'HBL', '2025-11-18', 87.7999, 127.916, 135.295, 123.074, 1500144, 73.9893, 72.461, 117.184),
(384, 'HUBC', '2025-11-18', 79.1945, 110.05, 69.5869, 56.4763, 4173844, 145.943, 68.4557, 80.6397),
(385, 'LUCK', '2025-11-18', 117.823, 107.627, 142.906, 121.887, 78084, 136.032, 65.3039, 94.1314),
(386, 'MARI', '2025-11-18', 92.0221, 139.752, 81.3467, 122.762, 4354134, 60.2069, 129.966, 57.9576),
(387, 'MCB', '2025-11-18', 115.57, 61.6365, 116.876, 133.421, 1848239, 77.1576, 67.5201, 79.9975),
(388, 'MEBL', '2025-11-18', 117.719, 108.931, 149.938, 53.8001, 1674769, 103.811, 107.757, 114.231),
(389, 'MLCF', '2025-11-18', 53.673, 91.071, 151.914, 116.33, 2335706, 78.2332, 139.793, 56.0461),
(390, 'NBP', '2025-11-18', 75.4345, 66.3702, 60.0776, 140.509, 2009129, 71.492, 126.704, 109.737),
(391, 'OGDC', '2025-11-18', 72.4388, 97.6732, 128.502, 82.2547, 2085963, 57.3642, 55.8821, 77.4143),
(392, 'PAEL', '2025-11-18', 142.169, 138.267, 124.247, 137.259, 1743568, 54.7171, 62.9497, 124.728),
(393, 'POL', '2025-11-18', 145.152, 118.202, 113.755, 146.447, 630084, 115.85, 128.923, 88.6581),
(394, 'PPL', '2025-11-18', 65.0548, 120.745, 65.9535, 105.259, 2152628, 93.9732, 129.253, 53.7101),
(395, 'PRL', '2025-11-18', 97.5941, 83.6677, 81.3775, 93.4633, 1875398, 102.442, 89.8842, 124.731),
(396, 'PSO', '2025-11-18', 60.1129, 93.248, 143.423, 69.0738, 1529281, 142.892, 109.85, 108.91),
(397, 'SAZEW', '2025-11-18', 121.724, 145.975, 124.515, 115.662, 1194437, 66.0313, 52.4601, 136.472),
(398, 'SEARL', '2025-11-18', 134.203, 129.784, 104.921, 69.6165, 2329687, 121.056, 56.5283, 92.3438),
(399, 'SNGP', '2025-11-18', 111.222, 140.847, 130.237, 60.3764, 1249610, 141.537, 119.414, 60.9959),
(400, 'SSGC', '2025-11-18', 63.3587, 91.5943, 124.972, 83.3467, 2883725, 134.562, 88.4686, 121.732),
(401, 'SYS', '2025-11-18', 50.3009, 53.1623, 68.9454, 124.333, 1578496, 78.0117, 86.9123, 79.5012),
(402, 'UBL', '2025-11-18', 54.117, 92.5043, 55.9392, 141.018, 2747650, 144.508, 47.9992, 77.0664),
(404, 'ATRL', '2025-11-19', 137.998, 68.7639, 84.965, 56.9573, 2035060, 130.439, 117.45, 84.7532),
(405, 'BAHL', '2025-11-19', 82.6917, 120.093, 110.626, 125.796, 822421, 98.1229, 129.591, 147.634),
(406, 'BOP', '2025-11-19', 143.784, 145.639, 55.2822, 78.0673, 1785393, 140.953, 86.1321, 88.886),
(407, 'DGKC', '2025-11-19', 101.271, 101.369, 59.3166, 130.917, 4674051, 67.3066, 50.1201, 119.563),
(408, 'EFERT', '2025-11-19', 61.072, 112.615, 138.257, 84.745, 1286676, 69.9365, 65.5686, 91.7341),
(409, 'ENGROH', '2025-11-19', 79.7704, 85.8872, 147.351, 109.806, 1342414, 99.0815, 104.46, 110.761),
(410, 'FCCL', '2025-11-19', 147.561, 70.6295, 65.3133, 55.0121, 4428785, 75.219, 101.312, 62.7888),
(411, 'FFC', '2025-11-19', 129.061, 114.75, 145.21, 111.806, 2167484, 75.2298, 135.257, 145.344),
(412, 'GAL', '2025-11-19', 114.988, 108.574, 54.4587, 86.1828, 3976774, 135.191, 124.124, 106.811),
(413, 'GHNI', '2025-11-19', 66.6546, 77.3176, 143.34, 115.983, 3508206, 96.7272, 64.9375, 109.691),
(414, 'HBL', '2025-11-19', 67.2728, 72.2313, 115.246, 94.1264, 2063935, 119.434, 64.0506, 138.971),
(415, 'HUBC', '2025-11-19', 109.504, 99.4528, 126.251, 66.1555, 3310081, 129.776, 136.659, 87.9723),
(416, 'LUCK', '2025-11-19', 137.361, 84.6031, 66.5084, 117.255, 131452, 54.7421, 59.9576, 108.114),
(417, 'MARI', '2025-11-19', 75.4902, 117.367, 118.62, 74.2954, 1508793, 124.679, 120.36, 118.798),
(418, 'MCB', '2025-11-19', 135.618, 87.7836, 88.2263, 114.141, 1143262, 65.5628, 53.174, 141.878),
(419, 'MEBL', '2025-11-19', 57.693, 131.767, 145.261, 61.5133, 4330267, 146.168, 60.5978, 141.513),
(420, 'MLCF', '2025-11-19', 132.508, 107.136, 95.4385, 91.3177, 4260242, 147.945, 72.948, 99.2205),
(421, 'NBP', '2025-11-19', 92.1166, 125.825, 111.312, 112.073, 2220700, 79.7781, 58.6142, 127.607),
(422, 'OGDC', '2025-11-19', 72.557, 146.711, 74.7573, 70.4424, 1976265, 82.8065, 86.7894, 63.8678),
(423, 'PAEL', '2025-11-19', 80.0604, 67.1445, 151.911, 89.3709, 458795, 73.0183, 127.251, 108.001),
(424, 'POL', '2025-11-19', 62.4448, 53.1129, 133.531, 140.742, 1266616, 96.7781, 97.9473, 81.955),
(425, 'PPL', '2025-11-19', 130.955, 69.91, 112.421, 87.4504, 776277, 111.022, 97.8835, 142.18),
(426, 'PRL', '2025-11-19', 117.941, 132.141, 64.8256, 65.9999, 2303524, 129.595, 98.1812, 85.8975),
(427, 'PSO', '2025-11-19', 148.99, 148.031, 51.6783, 53.6497, 1086391, 145.85, 54.002, 106.055),
(428, 'SAZEW', '2025-11-19', 84.4898, 68.741, 146.582, 59.0273, 3501836, 70.1828, 130.463, 134.593),
(429, 'SEARL', '2025-11-19', 78.9306, 59.5003, 115.989, 135.506, 2510574, 137.606, 124.054, 98.8922),
(430, 'SNGP', '2025-11-19', 129.167, 112.154, 131.51, 53.7028, 4359933, 72.313, 91.5697, 123.012),
(431, 'SSGC', '2025-11-19', 146.606, 130.249, 69.3677, 93.436, 3634586, 78.2043, 65.621, 66.2379),
(432, 'SYS', '2025-11-19', 58.1944, 51.2036, 136.701, 63.6429, 1132319, 119.591, 117.889, 121.013),
(433, 'UBL', '2025-11-19', 53.9685, 73.3514, 59.727, 118.093, 1342259, 73.4455, 78.903, 154.481),
(435, 'ATRL', '2025-11-20', 95.1266, 52.4103, 131.905, 135.018, 45684, 92.1593, 50.8182, 150.91),
(436, 'BAHL', '2025-11-20', 108.141, 58.9369, 125.704, 85.8464, 3413741, 79.3647, 83.6668, 57.3455),
(437, 'BOP', '2025-11-20', 58.8629, 79.6656, 77.2781, 85.655, 486346, 87.2897, 97.7993, 110.729),
(438, 'DGKC', '2025-11-20', 68.443, 75.0867, 126.375, 139.11, 1902636, 65.0619, 102.534, 101.219),
(439, 'EFERT', '2025-11-20', 108.205, 100.81, 137.217, 114.802, 4107320, 59.8904, 47.5455, 128.465),
(440, 'ENGROH', '2025-11-20', 111.593, 139.513, 122.23, 123.873, 3625239, 84.1536, 94.1333, 100.251),
(441, 'FCCL', '2025-11-20', 130.123, 113.039, 133.15, 58.9471, 456717, 65.8736, 93.7685, 155.247),
(442, 'FFC', '2025-11-20', 93.1611, 71.5198, 134.363, 90.0747, 3219047, 147.628, 130.802, 104.932),
(443, 'GAL', '2025-11-20', 136.618, 131.952, 108.701, 81.3314, 4762429, 128.542, 48.0708, 127.256),
(444, 'GHNI', '2025-11-20', 104.179, 106.233, 75.4717, 96.0814, 3411768, 148.521, 124.018, 64.6544),
(445, 'HBL', '2025-11-20', 66.2424, 95.52, 136.371, 126.451, 2203300, 134.568, 127.28, 126.199),
(446, 'HUBC', '2025-11-20', 149.011, 133.141, 76.9051, 121.057, 4572332, 87.5169, 55.9664, 88.8392),
(447, 'LUCK', '2025-11-20', 96.3077, 76.9353, 152.632, 63.7568, 3818641, 87.557, 99.1155, 117.17),
(448, 'MARI', '2025-11-20', 94.9544, 89.1016, 117.448, 54.6058, 1658286, 99.6549, 89.1517, 129.375),
(449, 'MCB', '2025-11-20', 84.542, 102.035, 113.937, 97.332, 3074115, 110.551, 59.6937, 142.598),
(450, 'MEBL', '2025-11-20', 140.534, 143.793, 55.7158, 85.634, 3651913, 104.077, 91.3114, 127.52),
(451, 'MLCF', '2025-11-20', 68.8847, 128.78, 95.6276, 125.949, 3066857, 122.34, 115.551, 99.5161),
(452, 'NBP', '2025-11-20', 58.988, 60.002, 77.5982, 145.588, 728232, 128.418, 87.4366, 135.191),
(453, 'OGDC', '2025-11-20', 117.65, 51.4687, 58.1343, 77.4262, 1202421, 84.0554, 136.772, 126.192),
(454, 'PAEL', '2025-11-20', 119.003, 83.6203, 117.623, 71.7242, 999514, 81.1914, 134.868, 124.604),
(455, 'POL', '2025-11-20', 117.452, 80.4357, 105.963, 123.17, 838026, 107.82, 79.3053, 154.497),
(456, 'PPL', '2025-11-20', 135.262, 84.0424, 70.043, 135.901, 4368084, 121.994, 134.754, 101.715),
(457, 'PRL', '2025-11-20', 108.817, 102.438, 143.732, 141.268, 4900541, 58.1785, 89.2809, 154.447),
(458, 'PSO', '2025-11-20', 103.521, 125.067, 72.5072, 123.909, 946602, 116.501, 113.943, 108.84),
(459, 'SAZEW', '2025-11-20', 108.466, 80.5444, 134.02, 61.6305, 1013192, 113.781, 97.3576, 130.667),
(460, 'SEARL', '2025-11-20', 64.7767, 99.5449, 59.5906, 137.65, 1351518, 114.912, 83.3891, 154.947),
(461, 'SNGP', '2025-11-20', 124.508, 128.539, 128.173, 87.0114, 3347831, 69.1061, 134.177, 53.4781),
(462, 'SSGC', '2025-11-20', 80.9393, 100.883, 119.025, 125.195, 4433842, 60.7356, 127.909, 149.941),
(463, 'SYS', '2025-11-20', 60.0834, 120.793, 81.4135, 81.3846, 3788803, 131.041, 115.321, 71.1075),
(464, 'UBL', '2025-11-20', 124.436, 68.3231, 124.195, 50.7241, 4675850, 113.43, 76.9356, 123.903),
(466, 'ATRL', '2025-11-21', 65.2523, 131.08, 118.591, 131.432, 1088741, 107.597, 63.965, 70.4175),
(467, 'BAHL', '2025-11-21', 83.3267, 64.7863, 129.768, 87.9984, 3365075, 67.796, 127.033, 123.083),
(468, 'BOP', '2025-11-21', 134.953, 72.3696, 112.855, 82.2327, 4381346, 87.266, 65.6725, 143.261),
(469, 'DGKC', '2025-11-21', 124.808, 64.075, 101.171, 50.7357, 3064650, 51.6632, 68.2856, 58.7397),
(470, 'EFERT', '2025-11-21', 114.074, 52.0188, 71.9081, 141.96, 639693, 130.69, 103.171, 110.055),
(471, 'ENGROH', '2025-11-21', 148.269, 76.1335, 91.4995, 66.4632, 3499090, 147.915, 116.19, 128.285),
(472, 'FCCL', '2025-11-21', 93.9655, 52.7655, 137.288, 61.822, 581554, 69.5934, 104.147, 96.0014),
(473, 'FFC', '2025-11-21', 78.2636, 66.3579, 51.3574, 98.6539, 2614245, 60.0172, 133.247, 76.6825),
(474, 'GAL', '2025-11-21', 94.3751, 101.755, 82.4031, 142.678, 4279221, 92.0658, 94.067, 75.208),
(475, 'GHNI', '2025-11-21', 111.08, 89.6125, 70.7371, 122.693, 896804, 115.23, 110.803, 95.4542),
(476, 'HBL', '2025-11-21', 54.6389, 49.9637, 141.194, 88.9064, 1916416, 120.674, 78.2909, 108.8),
(477, 'HUBC', '2025-11-21', 120.862, 142.019, 106.774, 140.179, 57903, 77.4384, 75.8899, 125.376),
(478, 'LUCK', '2025-11-21', 107.375, 127.371, 72.587, 117.449, 4286895, 69.8436, 84.1194, 89.5411),
(479, 'MARI', '2025-11-21', 110.746, 146.419, 58.3988, 90.7223, 4555378, 78.5947, 109.972, 100.118),
(480, 'MCB', '2025-11-21', 79.4742, 60.7049, 120.531, 55.7473, 1496067, 79.7414, 99.7456, 145.027),
(481, 'MEBL', '2025-11-21', 125.62, 63.0977, 93.6524, 115.518, 696409, 117.175, 131.376, 98.0791),
(482, 'MLCF', '2025-11-21', 102.171, 79.8227, 149.565, 138.448, 3323620, 109.626, 136.122, 147.849),
(483, 'NBP', '2025-11-21', 124.185, 147.013, 122.336, 102.108, 3057248, 94.0823, 78.2029, 86.2492),
(484, 'OGDC', '2025-11-21', 113.754, 71.6188, 71.859, 83.5188, 738320, 119.344, 139.187, 134.478),
(485, 'PAEL', '2025-11-21', 50.8343, 118.749, 99.1865, 74.8344, 4504155, 122.544, 129.584, 71.4305),
(486, 'POL', '2025-11-21', 80.9326, 50.07, 61.2824, 96.7034, 657121, 70.378, 103.53, 90.1423),
(487, 'PPL', '2025-11-21', 52.3132, 53.4762, 64.4052, 101.589, 1444283, 134.775, 76.5195, 55.0323),
(488, 'PRL', '2025-11-21', 70.4182, 143.407, 64.2858, 127.947, 3185781, 128.172, 136.201, 90.4457),
(489, 'PSO', '2025-11-21', 50.5844, 143.061, 123.192, 117.959, 1974999, 137.766, 60.3329, 61.2536),
(490, 'SAZEW', '2025-11-21', 51.159, 129.477, 51.4537, 107.674, 4901073, 61.0987, 102.984, 116.068),
(491, 'SEARL', '2025-11-21', 77.4908, 104.773, 149.619, 64.6135, 4480235, 50.7294, 78.2054, 116.472),
(492, 'SNGP', '2025-11-21', 57.6649, 104.491, 106.835, 55.9185, 3553916, 85.0546, 102.436, 143.324),
(493, 'SSGC', '2025-11-21', 109.014, 84.7187, 51.8453, 144.472, 4230819, 81.6286, 47.74, 61.7424),
(494, 'SYS', '2025-11-21', 93.2534, 138.461, 70.931, 76.5585, 4099205, 76.3132, 125.244, 86.6314),
(495, 'UBL', '2025-11-21', 67.0233, 136.222, 139.658, 119.37, 4913574, 127.198, 128.134, 153.903),
(497, 'ATRL', '2025-11-22', 122.63, 58.1568, 77.3467, 51.8594, 1854935, 128.008, 116.284, 85.8924),
(498, 'BAHL', '2025-11-22', 91.7977, 62.9458, 94.3652, 119.393, 1580230, 93.4588, 64.4606, 117.249),
(499, 'BOP', '2025-11-22', 104.771, 137.468, 132.568, 81.609, 1323309, 83.3327, 126.483, 71.5845),
(500, 'DGKC', '2025-11-22', 91.4592, 101.741, 91.2574, 87.252, 3837955, 117.865, 50.5506, 69.2609),
(501, 'EFERT', '2025-11-22', 120.18, 52.4823, 55.6124, 62.3009, 2714796, 81.5702, 133.879, 117.955),
(502, 'ENGROH', '2025-11-22', 88.9147, 56.984, 72.4748, 129.938, 2489404, 51.6826, 101.166, 135.385),
(503, 'FCCL', '2025-11-22', 75.2192, 137.889, 123.169, 133.202, 867194, 79.7464, 135.615, 133.236),
(504, 'FFC', '2025-11-22', 56.2005, 49.8247, 135.699, 62.9241, 1096306, 118.176, 113.288, 99.9954),
(505, 'GAL', '2025-11-22', 68.4182, 105.326, 78.2276, 112.014, 2070874, 64.8301, 91.8543, 147.923),
(506, 'GHNI', '2025-11-22', 64.329, 147.518, 104.094, 110.974, 3001914, 61.0786, 116.142, 83.8422),
(507, 'HBL', '2025-11-22', 82.4857, 121.651, 119.28, 64.7448, 3975369, 100.332, 55.2628, 149.983),
(508, 'HUBC', '2025-11-22', 89.69, 69.2283, 133.179, 91.1954, 3678952, 89.613, 116.747, 103.194),
(509, 'LUCK', '2025-11-22', 72.7268, 117.605, 128.301, 120.096, 1768851, 110.338, 133.092, 128.887),
(510, 'MARI', '2025-11-22', 143.455, 98.0368, 117.066, 124.234, 4476938, 68.0581, 64.8895, 93.8397),
(511, 'MCB', '2025-11-22', 91.9413, 140.177, 83.7845, 133.21, 1660964, 58.893, 87.2972, 141.256),
(512, 'MEBL', '2025-11-22', 146.97, 80.4521, 117.721, 81.6032, 3505250, 101.727, 88.618, 119.965),
(513, 'MLCF', '2025-11-22', 141.416, 113.177, 99.3034, 91.9431, 3851429, 104.721, 82.9704, 79.4141),
(514, 'NBP', '2025-11-22', 66.1504, 53.3162, 123.239, 90.6977, 13776, 124.969, 111.94, 71.3619),
(515, 'OGDC', '2025-11-22', 136.323, 126.448, 81.2495, 63.8039, 4328050, 138.862, 121.365, 80.115),
(516, 'PAEL', '2025-11-22', 148.243, 61.6934, 119.19, 144.368, 4300678, 89.0059, 78.4536, 103.467),
(517, 'POL', '2025-11-22', 94.9501, 127.84, 113.024, 114.311, 2539875, 105.096, 64.4881, 81.1087),
(518, 'PPL', '2025-11-22', 132.585, 80.3757, 59.3452, 95.3985, 609116, 69.5642, 102.438, 86.65),
(519, 'PRL', '2025-11-22', 139.129, 97.0926, 125.44, 69.266, 4222904, 111.354, 92.9903, 114.101),
(520, 'PSO', '2025-11-22', 99.6836, 121.191, 64.288, 95.9326, 18491, 109.26, 132.79, 130.581),
(521, 'SAZEW', '2025-11-22', 52.4778, 137.907, 90.8462, 75.8772, 996680, 68.0649, 73.2964, 140.278),
(522, 'SEARL', '2025-11-22', 86.5264, 81.0205, 101.607, 100.507, 697300, 62.6761, 65.0177, 111.333),
(523, 'SNGP', '2025-11-22', 74.8391, 105.04, 57.1056, 109.395, 4509043, 117.181, 104.085, 157.24),
(524, 'SSGC', '2025-11-22', 70.0704, 50.5853, 97.1755, 71.6004, 3974907, 79.0888, 50.3823, 84.2658),
(525, 'SYS', '2025-11-22', 92.1634, 69.3572, 126.275, 57.6433, 1135137, 138.425, 111.307, 130.893),
(526, 'UBL', '2025-11-22', 121.806, 84.1998, 112.03, 141.135, 4528740, 122.038, 125.802, 157.108),
(528, 'ATRL', '2025-11-23', 74.6286, 105.741, 61.3613, 127.757, 3567364, 66.2998, 108.466, 130.143);
INSERT INTO `stocks` (`id`, `symbol`, `date`, `last`, `open`, `high`, `low`, `volume`, `pred_close`, `confidence_lower`, `confidence_upper`) VALUES
(529, 'BAHL', '2025-11-23', 127.202, 113.032, 142.048, 101.716, 58537, 95.4234, 65.437, 116.518),
(530, 'BOP', '2025-11-23', 98.2034, 107.028, 97.8546, 103.245, 1947514, 79.4837, 72.8014, 101.929),
(531, 'DGKC', '2025-11-23', 105.475, 85.2885, 65.6118, 110.913, 3645372, 126.257, 100.998, 111.874),
(532, 'EFERT', '2025-11-23', 63.7944, 147.837, 107.375, 125.788, 1298398, 146.222, 138.669, 152.79),
(533, 'ENGROH', '2025-11-23', 139.668, 110.678, 91.7781, 63.2139, 2629201, 70.1025, 84.8253, 92.6348),
(534, 'FCCL', '2025-11-23', 123.249, 100.558, 89.885, 84.1733, 3254397, 68.444, 136.39, 67.7679),
(535, 'FFC', '2025-11-23', 142, 65.7147, 57.0097, 127.717, 4197158, 130.032, 87.2991, 129.397),
(536, 'GAL', '2025-11-23', 90.4937, 131.436, 145.183, 62.1217, 4496982, 60.1251, 121.438, 116.088),
(537, 'GHNI', '2025-11-23', 119.311, 113.724, 67.761, 134.792, 4420931, 130.758, 77.9601, 75.521),
(538, 'HBL', '2025-11-23', 63.4342, 50.8827, 119.014, 77.6298, 2301398, 93.4226, 118.184, 99.2535),
(539, 'HUBC', '2025-11-23', 149.424, 112.403, 70.8083, 55.3547, 3708111, 102.372, 80.0881, 70.8146),
(540, 'LUCK', '2025-11-23', 134.303, 117.993, 145.879, 105.385, 431183, 121.716, 72.8515, 75.4896),
(541, 'MARI', '2025-11-23', 79.417, 130.087, 70.1266, 97.5653, 4576367, 59.5571, 114.242, 78.0918),
(542, 'MCB', '2025-11-23', 61.1003, 131.058, 131.182, 93.9833, 4683902, 81.4932, 116.278, 125.925),
(543, 'MEBL', '2025-11-23', 82.449, 101.435, 117.252, 115.039, 2103622, 58.7849, 61.557, 104.344),
(544, 'MLCF', '2025-11-23', 52.4876, 113.168, 65.3744, 124.979, 2268518, 145.706, 80.9438, 150.393),
(545, 'NBP', '2025-11-23', 110.543, 72.2937, 85.1592, 145.408, 4570350, 113.029, 81.0625, 147.961),
(546, 'OGDC', '2025-11-23', 98.5875, 118.991, 56.305, 64.1184, 3076590, 112.492, 68.6806, 81.2097),
(547, 'PAEL', '2025-11-23', 119.827, 115.934, 77.5685, 77.3429, 3323197, 96.5113, 74.4677, 58.0311),
(548, 'POL', '2025-11-23', 91.1775, 138.684, 78.4278, 111.913, 2015648, 59.5648, 70.2394, 149.894),
(549, 'PPL', '2025-11-23', 141.972, 130.275, 83.6783, 64.1078, 4048387, 109.676, 95.0469, 130.699),
(550, 'PRL', '2025-11-23', 72.2284, 136.339, 124.334, 143.405, 3298432, 91.7577, 53.523, 62.1102),
(551, 'PSO', '2025-11-23', 76.7428, 55.6938, 103.074, 84.7679, 1466463, 88.0242, 140.387, 133.791),
(552, 'SAZEW', '2025-11-23', 143.771, 85.7315, 52.707, 145.604, 4392789, 94.4887, 98.9887, 94.8502),
(553, 'SEARL', '2025-11-23', 89.0719, 123.115, 106.67, 97.8196, 4267198, 128.545, 76.3126, 73.3201),
(554, 'SNGP', '2025-11-23', 58.1562, 129.982, 134.646, 113.822, 4235314, 75.8481, 115.298, 138.119),
(555, 'SSGC', '2025-11-23', 143.609, 72.6849, 87.9941, 59.8646, 2331275, 151.367, 103.993, 155.113),
(556, 'SYS', '2025-11-23', 60.2329, 106.905, 111.412, 70.7366, 1660981, 151.053, 140.722, 149.069),
(557, 'UBL', '2025-11-23', 115.466, 100.406, 112.915, 97.2584, 3205741, 124.073, 115.783, 95.3932),
(559, 'ATRL', '2025-11-24', 86.9507, 72.3308, 55.544, 101.028, 2604333, 51.6742, 94.5751, 98.9896),
(560, 'BAHL', '2025-11-24', 122.721, 79.9707, 87.4432, 133.581, 1217624, 113.968, 86.5831, 70.5411),
(561, 'BOP', '2025-11-24', 112.49, 109.793, 68.3841, 51.4585, 3070679, 151.038, 60.2961, 124.658),
(562, 'DGKC', '2025-11-24', 53.2004, 59.2381, 91.3725, 116.027, 1161701, 61.5939, 128.457, 150.296),
(563, 'EFERT', '2025-11-24', 60.0413, 119.581, 75.2966, 55.6, 3110644, 142.269, 111.78, 121.519),
(564, 'ENGROH', '2025-11-24', 75.6758, 80.3689, 131.454, 49.8218, 3378227, 86.1601, 117.649, 118.95),
(565, 'FCCL', '2025-11-24', 144.903, 133.311, 90.3532, 87.1552, 3946224, 129.099, 97.2147, 82.1031),
(566, 'FFC', '2025-11-24', 133.973, 84.4338, 76.0032, 65.3709, 499309, 151.314, 113.165, 100.965),
(567, 'GAL', '2025-11-24', 73.4212, 127.349, 74.3738, 126.096, 1230139, 138.375, 105.653, 99.8092),
(568, 'GHNI', '2025-11-24', 91.64, 121.801, 92.0394, 129.439, 4484967, 52.7772, 87.5666, 56.8183),
(569, 'HBL', '2025-11-24', 144.037, 106.769, 58.2708, 109.855, 4455088, 110.309, 74.8406, 122.059),
(570, 'HUBC', '2025-11-24', 94.8952, 74.9783, 146.873, 139.902, 4090444, 81.5796, 55.511, 104.84),
(571, 'LUCK', '2025-11-24', 73.9404, 118.958, 131.554, 131.706, 4252372, 123.276, 52.3765, 62.4755),
(572, 'MARI', '2025-11-24', 82.1031, 81.1937, 116.035, 71.3031, 1125575, 95.2256, 98.6852, 90.8747),
(573, 'MCB', '2025-11-24', 71.0994, 144.397, 67.2972, 139.476, 683985, 142.845, 62.8101, 59.1009),
(574, 'MEBL', '2025-11-24', 133.085, 145.1, 85.2442, 125.604, 4505804, 66.7407, 57.0488, 54.6178),
(575, 'MLCF', '2025-11-24', 129.931, 142.168, 79.79, 108.11, 845276, 54.1143, 111.317, 78.9019),
(576, 'NBP', '2025-11-24', 74.195, 94.5857, 107.223, 87.2005, 1476925, 81.5597, 109.388, 87.6444),
(577, 'OGDC', '2025-11-24', 121.918, 108.085, 132.731, 71.6497, 3758762, 57.1058, 54.3175, 69.5734),
(578, 'PAEL', '2025-11-24', 109.773, 99.0825, 123.52, 54.1359, 645452, 99.8114, 52.6192, 136.997),
(579, 'POL', '2025-11-24', 136.203, 138.196, 142.139, 125.426, 1093640, 126.66, 58.3408, 84.8808),
(580, 'PPL', '2025-11-24', 69.9605, 56.7127, 129.077, 108.658, 3736999, 142.483, 77.084, 139.113),
(581, 'PRL', '2025-11-24', 69.0202, 96.6586, 133.737, 110.413, 3499472, 113.067, 142.282, 66.1621),
(582, 'PSO', '2025-11-24', 115.745, 138.291, 103.231, 134.231, 4061551, 96.1965, 125.901, 133.248),
(583, 'SAZEW', '2025-11-24', 86.9351, 102.926, 111.204, 81.5552, 4451396, 96.4357, 104.805, 120.918),
(584, 'SEARL', '2025-11-24', 94.8392, 77.9284, 60.2415, 106.972, 3429663, 116.657, 68.1426, 65.2467),
(585, 'SNGP', '2025-11-24', 145.512, 90.2283, 70.5463, 119.948, 224543, 55.8191, 59.7165, 103.423),
(586, 'SSGC', '2025-11-24', 53.913, 122.83, 110.784, 118.433, 3920653, 130.811, 106.722, 129.306),
(587, 'SYS', '2025-11-24', 128.725, 122.938, 86.4203, 99.0663, 2563147, 53.5812, 105.891, 155.579),
(588, 'UBL', '2025-11-24', 56.4573, 86.8984, 121.899, 82.5319, 3127707, 60.7234, 107.301, 141.095),
(590, 'ATRL', '2025-11-25', 111.101, 118.191, 115.895, 58.7558, 2945415, 115.824, 91.8263, 93.729),
(591, 'BAHL', '2025-11-25', 106.351, 112.817, 102.743, 109.54, 2834559, 149.611, 67.0448, 61.4033),
(592, 'BOP', '2025-11-25', 130.676, 126.663, 99.6366, 53.4964, 3994604, 137.053, 131.863, 143.774),
(593, 'DGKC', '2025-11-25', 118.228, 129.054, 150.047, 92.5634, 1547338, 72.0902, 60.8397, 58.8837),
(594, 'EFERT', '2025-11-25', 138.273, 72.3958, 102.832, 132.003, 3551910, 51.6109, 135.266, 114.056),
(595, 'ENGROH', '2025-11-25', 65.9708, 53.4389, 124.421, 96.0096, 1195087, 126.858, 53.4891, 57.4517),
(596, 'FCCL', '2025-11-25', 54.6666, 58.5934, 83.5649, 80.4346, 3230079, 77.5473, 85.5882, 73.6322),
(597, 'FFC', '2025-11-25', 130.351, 90.4624, 118.145, 53.9146, 1379419, 73.6263, 77.6352, 146.91),
(598, 'GAL', '2025-11-25', 104.409, 51.7782, 100.245, 82.802, 1381088, 85.4798, 133.287, 102.49),
(599, 'GHNI', '2025-11-25', 117.141, 141.447, 115.215, 84.428, 4594433, 102, 122.821, 98.1282),
(600, 'HBL', '2025-11-25', 129.422, 115.574, 148.35, 124.444, 4929654, 113.135, 61.0813, 142.207),
(601, 'HUBC', '2025-11-25', 134.289, 113.987, 125.282, 116.337, 1254042, 69.9628, 67.5527, 102.616),
(602, 'LUCK', '2025-11-25', 125.326, 82.6035, 93.0369, 54.6348, 255544, 58.8882, 72.3834, 58.8525),
(603, 'MARI', '2025-11-25', 101.671, 89.301, 97.9235, 58.2198, 451470, 67.5925, 102.152, 91.2153),
(604, 'MCB', '2025-11-25', 61.7734, 97.2696, 57.0593, 132.247, 345375, 130.997, 121.39, 104.783),
(605, 'MEBL', '2025-11-25', 65.6291, 77.9787, 149.883, 145.454, 63981, 61.742, 96.7237, 79.4639),
(606, 'MLCF', '2025-11-25', 122.956, 136.365, 71.2391, 84.2648, 1019774, 145.464, 55.9873, 118.228),
(607, 'NBP', '2025-11-25', 136.186, 92.2067, 109.275, 104.12, 491527, 131.721, 116.463, 75.3005),
(608, 'OGDC', '2025-11-25', 140.794, 137.44, 124.192, 139.455, 2311622, 105.303, 78.4736, 52.7502),
(609, 'PAEL', '2025-11-25', 53.3801, 65.5238, 123.204, 54.2749, 727447, 107.663, 84.8723, 80.7497),
(610, 'POL', '2025-11-25', 66.5046, 51.2914, 111.725, 139.396, 4130204, 87.1598, 79.4884, 114.943),
(611, 'PPL', '2025-11-25', 146.331, 52.7147, 78.7875, 74.9423, 2531532, 124.976, 63.4587, 118.418),
(612, 'PRL', '2025-11-25', 113.498, 78.3636, 107.387, 136.16, 3942647, 78.2217, 48.1436, 74.5979),
(613, 'PSO', '2025-11-25', 53.1957, 101.813, 106.714, 63.2903, 452283, 51.9972, 123.761, 154.273),
(614, 'SAZEW', '2025-11-25', 93.809, 77.4824, 61.0963, 112.403, 4689415, 126.1, 135.748, 94.4033),
(615, 'SEARL', '2025-11-25', 70.8619, 133.24, 112.551, 96.004, 2939183, 101.029, 117.602, 72.3152),
(616, 'SNGP', '2025-11-25', 122.984, 57.721, 74.0204, 135.174, 3597879, 147.449, 108.369, 86.5171),
(617, 'SSGC', '2025-11-25', 119.767, 100.629, 100.904, 136.897, 83779, 90.1999, 134.432, 94.0977),
(618, 'SYS', '2025-11-25', 73.5618, 147.469, 75.5883, 72.1829, 2298080, 109.928, 100.999, 57.8085),
(619, 'UBL', '2025-11-25', 106.333, 115.334, 115.765, 66.6182, 4970203, 94.0179, 63.862, 112.197),
(621, 'ATRL', '2025-11-26', 114.456, 93.9723, 82.8634, 70.0002, 671385, 53.3809, 117.78, 116.903),
(622, 'BAHL', '2025-11-26', 134.744, 88.8165, 96.2218, 51.4841, 3983420, 142.145, 61.4495, 53.7655),
(623, 'BOP', '2025-11-26', 111.975, 55.6969, 97.2797, 56.9212, 214879, 148.712, 117.139, 131.041),
(624, 'DGKC', '2025-11-26', 104.094, 95.1062, 120.413, 51.0188, 307181, 75.2836, 51.5472, 102.571),
(625, 'EFERT', '2025-11-26', 75.6517, 133.847, 101.021, 136.812, 45075, 86.5509, 119.477, 127.832),
(626, 'ENGROH', '2025-11-26', 81.4295, 90.9931, 66.5779, 98.613, 365503, 136.021, 48.8677, 108.335),
(627, 'FCCL', '2025-11-26', 111.564, 97.3054, 108.885, 87.1099, 1209349, 54.8146, 93.8585, 85.2352),
(628, 'FFC', '2025-11-26', 59.4868, 102.866, 92.8845, 91.7298, 4740989, 94.2262, 77.9068, 84.1638),
(629, 'GAL', '2025-11-26', 104.758, 131.991, 104.392, 60.5166, 86206, 124.599, 106.073, 145.093),
(630, 'GHNI', '2025-11-26', 105.951, 64.5497, 59.3198, 142.275, 2571035, 122.785, 50.9045, 55.8713),
(631, 'HBL', '2025-11-26', 55.303, 66.2136, 120.873, 139.032, 2691777, 145.006, 53.5289, 106.07),
(632, 'HUBC', '2025-11-26', 86.0578, 76.459, 79.5426, 106.057, 357815, 112.23, 127.417, 91.6229),
(633, 'LUCK', '2025-11-26', 83.9304, 106.794, 140.322, 111.952, 2923648, 151.15, 69.206, 68.546),
(634, 'MARI', '2025-11-26', 57.8643, 142.041, 95.6618, 86.7327, 3057794, 141.674, 111.993, 124.556),
(635, 'MCB', '2025-11-26', 89.4626, 140.023, 90.5765, 68.2956, 4102277, 102.171, 56.6783, 152.069),
(636, 'MEBL', '2025-11-26', 95.156, 90.3829, 123.431, 79.5453, 2140479, 71.2474, 118.067, 62.7694),
(637, 'MLCF', '2025-11-26', 76.0582, 50.4402, 78.1052, 78.4195, 3518908, 112.949, 140.62, 57.3433),
(638, 'NBP', '2025-11-26', 78.9995, 80.3479, 121.175, 98.5071, 2309483, 130.69, 102.99, 109.06),
(639, 'OGDC', '2025-11-26', 144.1, 58.3103, 114.441, 131.602, 1742306, 72.082, 49.6881, 102.282),
(640, 'PAEL', '2025-11-26', 80.1465, 57.9138, 104.096, 83.0806, 885846, 135.599, 112.225, 144.782),
(641, 'POL', '2025-11-26', 85.0433, 60.9385, 104.693, 76.9695, 4238996, 89.1616, 82.7014, 126.456),
(642, 'PPL', '2025-11-26', 91.0087, 142.303, 97.5911, 95.2223, 4939777, 103.506, 110.217, 128.777),
(643, 'PRL', '2025-11-26', 115.171, 57.3439, 95.9833, 143.802, 2569060, 117.862, 122.865, 153.9),
(644, 'PSO', '2025-11-26', 94.8639, 83.7588, 90.2014, 135.582, 1322304, 118.356, 101.252, 137.923),
(645, 'SAZEW', '2025-11-26', 87.0306, 90.1775, 147.237, 96.5149, 2968663, 102.427, 122.495, 94.9995),
(646, 'SEARL', '2025-11-26', 115.551, 55.7625, 86.6765, 103.789, 3730347, 55.8652, 50.1025, 155.149),
(647, 'SNGP', '2025-11-26', 130.587, 59.057, 57.6355, 52.4949, 4915764, 132.186, 56.4703, 57.3083),
(648, 'SSGC', '2025-11-26', 144.569, 108.018, 63.0718, 129.212, 3687107, 73.8939, 137.356, 56.111),
(649, 'SYS', '2025-11-26', 83.4395, 105.812, 136.766, 97.7844, 4832355, 84.7344, 123.059, 153.293),
(650, 'UBL', '2025-11-26', 91.3595, 68.1287, 122.406, 140.707, 2893814, 59.2315, 113.617, 75.6502),
(652, 'ATRL', '2025-11-27', 51.1671, 131.201, 60.3148, 145.119, 3150312, 71.4976, 61.6831, 65.3928),
(653, 'BAHL', '2025-11-27', 66.6054, 95.2288, 133.76, 114.772, 4607925, 110.545, 67.238, 79.3092),
(654, 'BOP', '2025-11-27', 115.333, 99.0646, 106.415, 70.0179, 2212428, 107.971, 96.6777, 145.029),
(655, 'DGKC', '2025-11-27', 135.318, 111.096, 107.242, 136.26, 3989420, 82.6365, 66.24, 55.8357),
(656, 'EFERT', '2025-11-27', 106.705, 122.755, 152.856, 124.766, 4349055, 53.4998, 98.7119, 116.157),
(657, 'ENGROH', '2025-11-27', 91.4089, 74.4142, 52.6347, 80.8655, 2888558, 142.721, 126.567, 96.8261),
(658, 'FCCL', '2025-11-27', 111.393, 129.014, 68.7543, 94.1591, 3909249, 103.71, 74.9159, 143.058),
(659, 'FFC', '2025-11-27', 94.6533, 113.383, 141.456, 97.8308, 4154452, 117.123, 124.021, 57.5976),
(660, 'GAL', '2025-11-27', 132.628, 147.088, 96.8849, 77.6208, 553461, 118.909, 52.6767, 77.7542),
(661, 'GHNI', '2025-11-27', 53.9106, 96.4242, 76.7643, 131.419, 2236373, 122.548, 68.8657, 155.87),
(662, 'HBL', '2025-11-27', 74.7676, 77.7101, 120.536, 103.269, 3618377, 147.164, 105.86, 73.5393),
(663, 'HUBC', '2025-11-27', 65.8925, 68.6567, 101.055, 134.571, 4468217, 136.22, 100.948, 80.5273),
(664, 'LUCK', '2025-11-27', 114.68, 92.3908, 74.0306, 130.265, 2343918, 136.979, 130.604, 137.046),
(665, 'MARI', '2025-11-27', 90.1693, 108.192, 128.437, 50.7018, 4046360, 150.921, 99.133, 129.647),
(666, 'MCB', '2025-11-27', 54.3163, 50.6489, 145.711, 108.572, 1268905, 95.4719, 91.6739, 156.36),
(667, 'MEBL', '2025-11-27', 105.076, 127.348, 79.5047, 52.7491, 1764526, 116.126, 65.5575, 52.6173),
(668, 'MLCF', '2025-11-27', 93.535, 66.6664, 108.216, 76.8814, 3698519, 135.846, 48.0622, 104.43),
(669, 'NBP', '2025-11-27', 95.5103, 127.888, 111.557, 107.121, 921471, 64.8665, 62.5413, 90.8167),
(670, 'OGDC', '2025-11-27', 84.9614, 114.178, 73.2053, 61.6001, 4948815, 107.373, 127.889, 109.381),
(671, 'PAEL', '2025-11-27', 67.0003, 71.76, 113.652, 87.8681, 701849, 102.213, 60.6997, 69.1623),
(672, 'POL', '2025-11-27', 87.6611, 89.792, 143.322, 78.8526, 4038684, 63.1078, 66.5893, 118.672),
(673, 'PPL', '2025-11-27', 104.823, 133.701, 113.004, 96.8096, 3078148, 112.574, 68.9759, 82.5867),
(674, 'PRL', '2025-11-27', 125.451, 139.882, 81.7218, 124.179, 4660377, 86.7572, 142.375, 148.729),
(675, 'PSO', '2025-11-27', 108.63, 67.5264, 66.4557, 69.7151, 3011565, 88.6204, 55.12, 80.7203),
(676, 'SAZEW', '2025-11-27', 60.319, 119.756, 75.3482, 55.3283, 3033729, 135.341, 83.581, 92.2924),
(677, 'SEARL', '2025-11-27', 125.548, 112.906, 146.46, 123.286, 4912371, 114.968, 70.6864, 84.5716),
(678, 'SNGP', '2025-11-27', 129.501, 55.3156, 143.685, 84.9798, 548397, 95.6446, 133.555, 72.2699),
(679, 'SSGC', '2025-11-27', 72.3895, 104.408, 61.3453, 131.639, 4560082, 53.5611, 86.9716, 156.086),
(680, 'SYS', '2025-11-27', 118.617, 96.1569, 81.3846, 56.4083, 2421543, 70.1707, 96.9828, 54.6083),
(681, 'UBL', '2025-11-27', 103.778, 111.737, 105.057, 123.858, 1146896, 136.888, 103.407, 92.0308),
(683, 'ATRL', '2025-11-28', 142.549, 75.403, 105.241, 134.644, 3871433, 75.7168, 135.422, 144.739),
(684, 'BAHL', '2025-11-28', 111.585, 93.4423, 88.9184, 100.661, 2602702, 52.6443, 99.2305, 121.692),
(685, 'BOP', '2025-11-28', 116.124, 82.1019, 118.609, 80.9693, 3212980, 74.1671, 70.6659, 106.709),
(686, 'DGKC', '2025-11-28', 134.982, 118.826, 148.091, 113.54, 2186193, 71.7582, 117.864, 60.0522),
(687, 'EFERT', '2025-11-28', 63.7613, 96.2565, 147.757, 80.9624, 3924635, 146.066, 83.2385, 56.9508),
(688, 'ENGROH', '2025-11-28', 58.3359, 78.1732, 71.2025, 60.9008, 64949, 121.265, 91.6019, 75.5192),
(689, 'FCCL', '2025-11-28', 120.346, 134.602, 70.1462, 84.249, 1176466, 60.3391, 121.714, 116.945),
(690, 'FFC', '2025-11-28', 122.522, 127.195, 127.33, 86.9521, 3456685, 80.2835, 85.5398, 64.8309),
(691, 'GAL', '2025-11-28', 88.5929, 106.656, 125.345, 138.411, 1875976, 64.528, 101.543, 97.4057),
(692, 'GHNI', '2025-11-28', 93.1758, 136.201, 59.5259, 126.48, 3511629, 64.6176, 103.732, 109.223),
(693, 'HBL', '2025-11-28', 142.537, 50.114, 76.9987, 74.0723, 2572667, 131.82, 93.3031, 157.001),
(694, 'HUBC', '2025-11-28', 102.981, 115.17, 125.178, 112.326, 246050, 81.5569, 84.5348, 55.3055),
(695, 'LUCK', '2025-11-28', 146.408, 122.782, 133.504, 129.72, 3458762, 150.263, 129.534, 89.7025),
(696, 'MARI', '2025-11-28', 68.1003, 132.867, 119.078, 128.466, 260624, 134.126, 140.934, 98.0308),
(697, 'MCB', '2025-11-28', 71.7597, 127.424, 79.8402, 54.1363, 2069078, 142.596, 77.6887, 142.101),
(698, 'MEBL', '2025-11-28', 81.3405, 50.1914, 60.6597, 93.3515, 4893615, 104.627, 118.124, 63.9757),
(699, 'MLCF', '2025-11-28', 81.6238, 74.5781, 83.4216, 130.276, 965831, 98.7565, 124.396, 116.951),
(700, 'NBP', '2025-11-28', 114.077, 85.3772, 141.747, 84.3965, 684594, 111.204, 103.966, 70.2267),
(701, 'OGDC', '2025-11-28', 56.0985, 128.546, 133.546, 112.803, 4137179, 69.0856, 89.0884, 119.365),
(702, 'PAEL', '2025-11-28', 137.075, 93.3876, 112.638, 116.772, 3224250, 65.6106, 124.782, 117.46),
(703, 'POL', '2025-11-28', 115.284, 89.9101, 59.4054, 67.3729, 3450890, 140.234, 82.8147, 72.7972),
(704, 'PPL', '2025-11-28', 135.133, 116.498, 135.632, 60.6043, 514337, 66.5695, 93.757, 153.013),
(705, 'PRL', '2025-11-28', 82.5599, 124.363, 133.022, 122.71, 1741369, 99.4802, 83.5944, 99.2092),
(706, 'PSO', '2025-11-28', 58.4423, 58.169, 69.8251, 113.69, 3734124, 126.636, 97.7205, 92.5805),
(707, 'SAZEW', '2025-11-28', 82.2684, 95.8582, 89.0736, 94.2328, 939916, 106.579, 67.6636, 94.0298),
(708, 'SEARL', '2025-11-28', 84.0864, 100.758, 108.752, 76.2136, 3449368, 112.746, 48.6277, 74.5982),
(709, 'SNGP', '2025-11-28', 51.6682, 94.2512, 72.4321, 117.06, 4210563, 63.3354, 57.8622, 69.7336),
(710, 'SSGC', '2025-11-28', 99.342, 145.996, 91.1161, 53.1495, 159134, 53.7428, 53.6803, 76.5403),
(711, 'SYS', '2025-11-28', 144.961, 55.557, 97.622, 58.9814, 690081, 89.3375, 95.8169, 93.3876),
(712, 'UBL', '2025-11-28', 92.123, 142.356, 94.4502, 79.9786, 1512970, 107.529, 134.467, 145.246),
(714, 'ATRL', '2025-11-29', 99.382, 85.7872, 86.8253, 113.34, 1144817, 68.198, 65.4786, 96.6589),
(715, 'BAHL', '2025-11-29', 103.506, 90.4467, 98.2101, 56.1944, 4892645, 118.413, 88.0132, 64.58),
(716, 'BOP', '2025-11-29', 79.5873, 62.7882, 130.917, 99.4535, 1118275, 108.452, 66.3043, 80.6774),
(717, 'DGKC', '2025-11-29', 124.796, 142.039, 94.8403, 82.7923, 2173386, 64.5317, 84.6077, 108.807),
(718, 'EFERT', '2025-11-29', 100.944, 142.406, 67.7197, 49.4164, 2647439, 114.604, 103.075, 54.6976),
(719, 'ENGROH', '2025-11-29', 84.9641, 117.356, 89.5729, 130.789, 191924, 120.008, 78.4529, 111.774),
(720, 'FCCL', '2025-11-29', 134.512, 102.175, 63.7464, 51.8048, 3841055, 126.774, 92.2765, 62.0633),
(721, 'FFC', '2025-11-29', 54.1399, 141.942, 106.549, 139.326, 4873515, 61.4508, 106.211, 132.802),
(722, 'GAL', '2025-11-29', 146.988, 104.45, 139.294, 113.971, 3589751, 111.187, 128.291, 99.708),
(723, 'GHNI', '2025-11-29', 119.67, 62.8342, 110.502, 99.2443, 4067126, 103.933, 66.966, 98.4287),
(724, 'HBL', '2025-11-29', 107.237, 103.909, 54.1445, 98.5277, 2172191, 116.76, 140.303, 148.706),
(725, 'HUBC', '2025-11-29', 115.062, 99.43, 109.126, 81.9578, 4859594, 136.419, 79.5777, 66.8061),
(726, 'LUCK', '2025-11-29', 116.826, 141.825, 118.123, 97.2778, 2444728, 148.15, 82.3977, 150.802),
(727, 'MARI', '2025-11-29', 107.903, 58.0646, 121.938, 70.3442, 12949, 86.8152, 122.551, 143.996),
(728, 'MCB', '2025-11-29', 148.693, 81.2251, 116.433, 73.1202, 1530638, 130.519, 51.5796, 140.482),
(729, 'MEBL', '2025-11-29', 56.077, 127.719, 129.35, 95.1018, 238577, 134.057, 141.868, 103.406),
(730, 'MLCF', '2025-11-29', 94.4083, 125.329, 101.744, 67.5819, 2277905, 122.116, 64.4692, 132.919),
(731, 'NBP', '2025-11-29', 79.3611, 66.3664, 150.043, 82.7048, 4033076, 50.631, 103.231, 150.076),
(732, 'OGDC', '2025-11-29', 138.657, 113.349, 108.63, 136.24, 3780007, 61.5493, 74.0039, 59.5085),
(733, 'PAEL', '2025-11-29', 99.6772, 77.578, 145.632, 126.222, 783032, 92.8281, 106.935, 143.942),
(734, 'POL', '2025-11-29', 97.7506, 126.214, 96.079, 135.737, 497559, 135.576, 134.251, 56.5766),
(735, 'PPL', '2025-11-29', 95.4615, 65.0035, 93.7542, 110.347, 4362406, 99.4277, 123.948, 112.381),
(736, 'PRL', '2025-11-29', 93.7311, 96.592, 57.7781, 137.712, 1633932, 143.243, 105.533, 83.9613),
(737, 'PSO', '2025-11-29', 116.554, 91.9498, 66.0269, 93.1247, 4046471, 120.767, 52.3156, 69.9626),
(738, 'SAZEW', '2025-11-29', 117.948, 138.448, 97.2943, 105.247, 2540731, 133.207, 101.649, 93.7958),
(739, 'SEARL', '2025-11-29', 75.6498, 59.6582, 126.842, 89.1713, 4094568, 137.848, 129.906, 130.481),
(740, 'SNGP', '2025-11-29', 61.1052, 81.8971, 81.9125, 101.291, 3793688, 69.9862, 112.903, 143.162),
(741, 'SSGC', '2025-11-29', 75.1884, 115.739, 111.155, 141.27, 4691890, 138.098, 97.0326, 53.0313),
(742, 'SYS', '2025-11-29', 96.1113, 78.2483, 57.9966, 95.2372, 766305, 85.9389, 75.4887, 96.6472),
(743, 'UBL', '2025-11-29', 71.8393, 131.731, 101.787, 146.773, 2473478, 99.0233, 134.715, 68.1439),
(745, 'ATRL', '2025-11-30', 106.236, 78.3046, 129.307, 143.639, 2626905, 124.209, 54.4169, 70.8408),
(746, 'BAHL', '2025-11-30', 115.494, 123.819, 131.442, 116.734, 449268, 88.4544, 105.39, 149.047),
(747, 'BOP', '2025-11-30', 126.937, 58.2463, 64.6306, 88.5063, 3073632, 137.79, 92.8252, 135.74),
(748, 'DGKC', '2025-11-30', 103.25, 77.6373, 135.004, 74.9901, 4276583, 99.0777, 127.194, 131.41),
(749, 'EFERT', '2025-11-30', 74.0967, 143.576, 53.8985, 77.5467, 1856070, 149.701, 123.245, 56.6998),
(750, 'ENGROH', '2025-11-30', 130.805, 140.605, 69.0638, 61.2242, 461965, 59.3633, 62.852, 109.697),
(751, 'FCCL', '2025-11-30', 73.8862, 104.951, 59.5668, 121.48, 2230035, 51.6365, 115.733, 111.033),
(752, 'FFC', '2025-11-30', 113.256, 98.0505, 107.547, 78.4653, 4200970, 80.6962, 140.056, 154.82),
(753, 'GAL', '2025-11-30', 144.953, 131.101, 78.8112, 136.273, 3173564, 101.197, 105.033, 107.332),
(754, 'GHNI', '2025-11-30', 129.423, 89.5469, 116.267, 145.612, 47773, 59.6167, 87.6526, 140.962),
(755, 'HBL', '2025-11-30', 144.452, 68.8153, 65.4797, 61.1987, 982552, 112.021, 90.828, 100.07),
(756, 'HUBC', '2025-11-30', 139.7, 61.9574, 146.694, 79.7099, 3761566, 133.468, 128.288, 135.198),
(757, 'LUCK', '2025-11-30', 88.68, 106.049, 121.951, 123.91, 3675829, 89.148, 114.738, 93.5423),
(758, 'MARI', '2025-11-30', 133.109, 146.799, 93.9254, 64.2604, 2580399, 61.9377, 49.2085, 131.269),
(759, 'MCB', '2025-11-30', 119.697, 72.6967, 59.2246, 117.623, 1296359, 70.2613, 66.5443, 96.1133),
(760, 'MEBL', '2025-11-30', 97.5423, 62.4713, 74.3421, 122.613, 346102, 59.8578, 71.7817, 52.503),
(761, 'MLCF', '2025-11-30', 73.3353, 66.0013, 64.6008, 65.3333, 2166529, 117.82, 50.6102, 69.7308),
(762, 'NBP', '2025-11-30', 122.229, 61.2972, 94.7516, 126.145, 3245778, 139.804, 92.4847, 127.578),
(763, 'OGDC', '2025-11-30', 65.4549, 111.64, 119.822, 97.0783, 2144025, 118.396, 54.6044, 90.0056),
(764, 'PAEL', '2025-11-30', 106.163, 122.421, 152.794, 125.459, 4535008, 70.1381, 71.3617, 123.12),
(765, 'POL', '2025-11-30', 110.932, 52.3613, 83.2873, 97.6086, 2652007, 67.0631, 69.2313, 120.937),
(766, 'PPL', '2025-11-30', 107.264, 139.381, 134.793, 86.6152, 2273247, 62.798, 70.7621, 142.699),
(767, 'PRL', '2025-11-30', 106.058, 71.8545, 96.6216, 103.777, 2264562, 109.86, 102.59, 66.8128),
(768, 'PSO', '2025-11-30', 144.186, 79.2378, 119.984, 96.0836, 1866344, 93.4261, 47.9986, 131.377),
(769, 'SAZEW', '2025-11-30', 124.03, 93.8385, 52.8792, 122.356, 3436835, 69.8166, 132.446, 146.691),
(770, 'SEARL', '2025-11-30', 130.281, 81.4652, 72.0087, 54.9969, 3440304, 76.4294, 68.348, 86.8434),
(771, 'SNGP', '2025-11-30', 147.705, 138.995, 111.057, 71.7352, 1967953, 77.9698, 64.5165, 60.8651),
(772, 'SSGC', '2025-11-30', 136.098, 56.0216, 127.138, 101.392, 2168643, 107.545, 97.1675, 149.066),
(773, 'SYS', '2025-11-30', 52.9949, 88.1798, 139.095, 63.3362, 701981, 77.0749, 132.468, 124.179),
(774, 'UBL', '2025-11-30', 123.006, 109.134, 134.805, 78.4988, 200909, 80.5865, 82.5439, 152.33),
(776, 'ATRL', '2025-12-01', 147.58, 121.638, 124.025, 87.5801, 4102834, 143.603, 61.4978, 154.486),
(777, 'BAHL', '2025-12-01', 91.4455, 65.1799, 106.952, 75.2237, 3461503, 117.032, 68.0947, 63.8103),
(778, 'BOP', '2025-12-01', 138.823, 61.1812, 145.378, 75.695, 2930818, 61.9762, 124.415, 126.767),
(779, 'DGKC', '2025-12-01', 60.7616, 90.7004, 128.314, 102.058, 2165525, 105.171, 86.1805, 95.7524),
(780, 'EFERT', '2025-12-01', 133.815, 144.042, 77.5587, 91.8261, 2019327, 122.041, 78.8528, 107.643),
(781, 'ENGROH', '2025-12-01', 113.577, 109.232, 62.1626, 121.239, 1786742, 108.61, 123.945, 83.7254),
(782, 'FCCL', '2025-12-01', 57.2871, 96.2477, 65.523, 77.941, 247167, 86.9831, 109.99, 74.0574),
(783, 'FFC', '2025-12-01', 55.3163, 113.839, 60.1754, 98.0106, 1153389, 116.46, 101.962, 147.761),
(784, 'GAL', '2025-12-01', 131.638, 85.1557, 86.8682, 115.421, 1669458, 114.752, 64.515, 156.141),
(785, 'GHNI', '2025-12-01', 89.7973, 52.3406, 147.854, 113.842, 2298075, 82.1255, 65.2435, 156.922),
(786, 'HBL', '2025-12-01', 91.2161, 57.1545, 66.3108, 99.8204, 712790, 66.3636, 81.477, 85.7919),
(787, 'HUBC', '2025-12-01', 101.237, 109.956, 103.655, 122.412, 984202, 124.927, 56.428, 79.7157),
(788, 'LUCK', '2025-12-01', 51.4046, 78.4712, 93.9477, 71.2818, 4368282, 119.805, 124.447, 156.584),
(789, 'MARI', '2025-12-01', 102.647, 114.693, 123.742, 106.845, 4058965, 79.6089, 48.0371, 69.6833),
(790, 'MCB', '2025-12-01', 130.129, 100.535, 68.7111, 80.525, 437522, 98.2196, 56.9852, 61.0898),
(791, 'MEBL', '2025-12-01', 60.9506, 79.4086, 69.5656, 49.3683, 2363712, 86.0963, 80.1768, 122.064),
(792, 'MLCF', '2025-12-01', 78.0677, 90.668, 75.1904, 140.952, 4899783, 59.077, 93.5497, 70.2351),
(793, 'NBP', '2025-12-01', 89.0329, 93.548, 56.473, 140.483, 2532597, 124.442, 60.8908, 105.889),
(794, 'OGDC', '2025-12-01', 61.9484, 56.629, 51.1631, 126.612, 4775097, 90.82, 59.9432, 100.515),
(795, 'PAEL', '2025-12-01', 139.347, 58.9537, 132.3, 117.483, 514344, 92.7101, 121.695, 120.88),
(796, 'POL', '2025-12-01', 141.319, 110.11, 83.798, 124.566, 4453771, 64.6935, 50.3868, 129.187),
(797, 'PPL', '2025-12-01', 106.058, 110.073, 89.5074, 54.1019, 638648, 99.2293, 50.2697, 125.828),
(798, 'PRL', '2025-12-01', 90.4369, 141.248, 93.9041, 80.6443, 1763090, 130.733, 134.338, 72.1637),
(799, 'PSO', '2025-12-01', 69.4104, 89.9614, 98.0416, 56.8263, 78606, 135.242, 61.5573, 75.8915),
(800, 'SAZEW', '2025-12-01', 116.997, 116.968, 91.555, 141.463, 2623402, 130.585, 84.6016, 112.766),
(801, 'SEARL', '2025-12-01', 119.82, 125.64, 127.589, 92.8149, 4914156, 108.361, 134.513, 142.903),
(802, 'SNGP', '2025-12-01', 105.712, 69.5642, 85.8816, 58.9839, 2417268, 61.7755, 57.7442, 73.9464),
(803, 'SSGC', '2025-12-01', 119.776, 136.228, 80.2642, 128.028, 856748, 94.6887, 111.483, 58.2763),
(804, 'SYS', '2025-12-01', 75.4532, 60.1547, 130.001, 102.874, 2125568, 98.6126, 57.6146, 63.3423),
(805, 'UBL', '2025-12-01', 69.6893, 116.294, 130.841, 136.191, 501341, 134.555, 129.23, 137.017),
(807, 'ATRL', '2025-12-02', 118.654, 51.698, 56.2415, 67.6523, 3987428, 92.5605, 113.026, 73.4384),
(808, 'BAHL', '2025-12-02', 142.782, 53.5474, 93.9358, 145.241, 3237090, 79.8859, 96.1869, 124.91),
(809, 'BOP', '2025-12-02', 141.062, 97.4401, 121.314, 146.416, 4510676, 103.884, 136.457, 62.6068),
(810, 'DGKC', '2025-12-02', 117.212, 56.6098, 85.9587, 97.8248, 2314323, 133.288, 114.935, 61.9654),
(811, 'EFERT', '2025-12-02', 82.1209, 82.725, 123.869, 104.388, 3413621, 123.025, 99.0052, 110.943),
(812, 'ENGROH', '2025-12-02', 65.6514, 60.6647, 60.6219, 62.0671, 1918448, 102.862, 89.4058, 120.777),
(813, 'FCCL', '2025-12-02', 142.796, 117.711, 118.436, 72.3916, 1050171, 84.2442, 51.3382, 73.4694),
(814, 'FFC', '2025-12-02', 137.734, 127.468, 82.1865, 65.2776, 4566198, 57.3583, 104.481, 136.006),
(815, 'GAL', '2025-12-02', 67.7062, 98.9435, 149.528, 81.4892, 3798638, 131.711, 117.911, 83.3309),
(816, 'GHNI', '2025-12-02', 74.4634, 83.3866, 150.709, 133.363, 1858096, 78.3302, 72.4731, 103.712),
(817, 'HBL', '2025-12-02', 115.004, 127.413, 151.459, 104.22, 4313395, 113.42, 97.5491, 132.85),
(818, 'HUBC', '2025-12-02', 74.5702, 141.846, 145.539, 130.916, 1994105, 99.6349, 69.9158, 128.134),
(819, 'LUCK', '2025-12-02', 139.377, 79.9806, 138.526, 84.9517, 1299819, 70.6251, 68.058, 103.344),
(820, 'MARI', '2025-12-02', 127.193, 89.7894, 124.341, 85.6788, 3571349, 95.8014, 56.9842, 68.626),
(821, 'MCB', '2025-12-02', 96.8404, 136.746, 51.1191, 84.4772, 4032788, 146.122, 77.338, 129.168),
(822, 'MEBL', '2025-12-02', 120.859, 84.3908, 115.913, 61.2207, 3571521, 70.4394, 127.698, 118.511),
(823, 'MLCF', '2025-12-02', 111.084, 66.1461, 51.8364, 101.584, 3291384, 119.347, 88.6788, 65.3445),
(824, 'NBP', '2025-12-02', 81.126, 68.2422, 52.3052, 97.6115, 2208946, 123.305, 73.989, 76.8221),
(825, 'OGDC', '2025-12-02', 82.1701, 139.945, 112.489, 75.794, 2792686, 148.719, 65.2366, 54.1924),
(826, 'PAEL', '2025-12-02', 102.049, 104.354, 72.3112, 86.4784, 1426821, 78.7317, 98.9442, 143.747),
(827, 'POL', '2025-12-02', 122.056, 148.079, 134.339, 58.6024, 193916, 141.396, 83.9303, 75.3363),
(828, 'PPL', '2025-12-02', 143.701, 52.7267, 86.8967, 113.863, 1267689, 78.9917, 109.237, 94.8185),
(829, 'PRL', '2025-12-02', 56.5576, 61.259, 91.5103, 110.688, 4779321, 140.482, 103.263, 80.0262),
(830, 'PSO', '2025-12-02', 104.983, 144.807, 67.7251, 140.314, 834877, 54.4939, 113.695, 90.8597),
(831, 'SAZEW', '2025-12-02', 123.627, 107.453, 124.245, 130.762, 86190, 109.412, 129.648, 112.74),
(832, 'SEARL', '2025-12-02', 77.444, 113.954, 95.0561, 69.2339, 3682862, 56.9093, 57.7196, 88.9874),
(833, 'SNGP', '2025-12-02', 91.477, 52.6039, 144.07, 94.884, 3018320, 112.485, 71.9671, 99.3949),
(834, 'SSGC', '2025-12-02', 96.0443, 144.774, 94.9099, 75.0046, 176486, 88.9232, 123.144, 140.695),
(835, 'SYS', '2025-12-02', 131.104, 102.497, 75.8363, 108.927, 1635116, 131.362, 49.5907, 126.86),
(836, 'UBL', '2025-12-02', 97.4936, 74.2601, 135.222, 86.0658, 2069961, 144.965, 88.7776, 90.9952),
(838, 'ATRL', '2025-12-03', 65.1851, 60.8721, 63.1169, 73.4372, 4452078, 121.604, 128.132, 66.3362),
(839, 'BAHL', '2025-12-03', 61.2604, 66.102, 102.069, 49.027, 2496799, 100.593, 140.769, 96.7023),
(840, 'BOP', '2025-12-03', 65.9538, 102.442, 70.9122, 85.4354, 1366479, 75.8622, 88.8881, 97.124),
(841, 'DGKC', '2025-12-03', 131.796, 130.167, 114.264, 113.356, 2113937, 65.0285, 90.3327, 138.895),
(842, 'EFERT', '2025-12-03', 126.146, 83.0458, 92.8055, 52.2097, 4670926, 108.34, 53.276, 114.028),
(843, 'ENGROH', '2025-12-03', 124.753, 146.488, 117.892, 82.3199, 3662887, 115.432, 49.0883, 68.7669),
(844, 'FCCL', '2025-12-03', 122.446, 65.0948, 113.653, 107.666, 752249, 147.091, 78.8863, 134.701),
(845, 'FFC', '2025-12-03', 142.32, 75.973, 108.876, 52.4149, 2359984, 76.3, 129.318, 109.185),
(846, 'GAL', '2025-12-03', 61.5557, 144.364, 96.3329, 83.0583, 2021749, 149.394, 112.355, 102.479),
(847, 'GHNI', '2025-12-03', 83.1896, 72.419, 67.5075, 60.2383, 439332, 60.1257, 67.7275, 134.263),
(848, 'HBL', '2025-12-03', 75.4706, 142.307, 145.158, 127.72, 1234717, 133.818, 83.9645, 99.1605),
(849, 'HUBC', '2025-12-03', 57.0416, 51.3736, 141.104, 84.2898, 751885, 118.33, 133.645, 107.015),
(850, 'LUCK', '2025-12-03', 137.56, 130.723, 99.4849, 138.711, 755431, 51.4255, 103.793, 150.706),
(851, 'MARI', '2025-12-03', 139.881, 117.629, 126.933, 113.451, 274961, 80.9999, 80.2672, 138.459),
(852, 'MCB', '2025-12-03', 55.8509, 132.322, 51.7558, 100.674, 3071054, 99.9081, 104.815, 110.146),
(853, 'MEBL', '2025-12-03', 143.509, 52.3144, 85.3607, 107.709, 4923611, 63.2676, 111.9, 53.5741),
(854, 'MLCF', '2025-12-03', 51.7466, 55.1078, 74.5441, 145.451, 1142378, 69.6706, 72.5434, 131.108),
(855, 'NBP', '2025-12-03', 145.239, 100.585, 124.734, 55.5062, 816481, 112.848, 104.184, 66.2983),
(856, 'OGDC', '2025-12-03', 136.705, 142.662, 61.6052, 117.285, 860061, 128.24, 79.0854, 89.5947),
(857, 'PAEL', '2025-12-03', 126.898, 127.219, 114.062, 121.145, 4130540, 143.623, 60.0146, 146.226),
(858, 'POL', '2025-12-03', 56.7948, 115.023, 61.7528, 102.071, 1957192, 84.09, 93.913, 99.2319),
(859, 'PPL', '2025-12-03', 125.965, 95.3442, 54.7129, 126.693, 4273635, 140.923, 134.16, 144.397),
(860, 'PRL', '2025-12-03', 113.943, 106.079, 146.801, 145.198, 452005, 101.723, 72.6382, 136.665),
(861, 'PSO', '2025-12-03', 71.4021, 115.374, 120.859, 90.9727, 433931, 65.5542, 93.5653, 155.12),
(862, 'SAZEW', '2025-12-03', 93.1985, 72.0637, 137.05, 101.369, 705080, 60.7965, 55.7345, 65.8936),
(863, 'SEARL', '2025-12-03', 87.7753, 99.6031, 91.5143, 94.8366, 735026, 84.0184, 68.2394, 62.5752),
(864, 'SNGP', '2025-12-03', 132.484, 132.298, 123.134, 51.6421, 66032, 150, 131.683, 102.398),
(865, 'SSGC', '2025-12-03', 121.769, 65.617, 118.414, 128.988, 491201, 54.8029, 134.738, 101.185),
(866, 'SYS', '2025-12-03', 106.344, 91.6961, 95.9601, 139.675, 1519615, 125.629, 124.21, 137.111),
(867, 'UBL', '2025-12-03', 110.668, 110.476, 77.4772, 93.1134, 2359710, 51.4395, 107.415, 65.6776),
(869, 'ATRL', '2025-12-04', 79.7628, 107.488, 54.6499, 90.3284, 6199, 125.346, 114.143, 82.3614),
(870, 'BAHL', '2025-12-04', 81.7455, 122.175, 124.246, 87.0435, 3933559, 128.165, 93.5437, 64.7291),
(871, 'BOP', '2025-12-04', 62.8328, 78.4316, 58.773, 98.423, 1464814, 146.638, 131.142, 109.894),
(872, 'DGKC', '2025-12-04', 59.1711, 130.555, 134.491, 111.375, 3634045, 123.684, 89.5413, 56.5864),
(873, 'EFERT', '2025-12-04', 136.697, 71.0921, 100.939, 126.78, 2497838, 62.2995, 55.6159, 60.5508),
(874, 'ENGROH', '2025-12-04', 62.708, 89.6322, 116.855, 50.1836, 617322, 109.19, 98.3301, 150.36),
(875, 'FCCL', '2025-12-04', 55.4837, 96.8403, 74.0943, 117.357, 4041709, 146.365, 77.9731, 131.919),
(876, 'FFC', '2025-12-04', 131.955, 131.533, 120.812, 140.761, 3141852, 84.1175, 121.516, 146.691),
(877, 'GAL', '2025-12-04', 64.7926, 54.2974, 132.449, 132.026, 4202351, 117.235, 121.818, 150.071),
(878, 'GHNI', '2025-12-04', 79.9375, 119.703, 117.042, 59.7791, 3037733, 121.984, 115.535, 100.541),
(879, 'HBL', '2025-12-04', 63.9168, 81.5015, 71.2706, 51.3438, 2616931, 105.564, 62.2969, 67.5398),
(880, 'HUBC', '2025-12-04', 74.8908, 130.168, 84.3987, 67.8841, 4905797, 83.5989, 113.533, 104.189),
(881, 'LUCK', '2025-12-04', 87.6139, 89.4824, 141.871, 72.8034, 2708848, 149.498, 73.6784, 98.415),
(882, 'MARI', '2025-12-04', 85.9745, 97.6998, 87.2199, 79.859, 2545733, 111.208, 92.9017, 114.067),
(883, 'MCB', '2025-12-04', 99.8012, 121.87, 67.4238, 108.982, 2886167, 55.5495, 96.7363, 98.8466),
(884, 'MEBL', '2025-12-04', 115.215, 142.221, 125.093, 129.587, 4661777, 70.178, 64.3239, 84.1023),
(885, 'MLCF', '2025-12-04', 147.359, 145.038, 143.244, 110.418, 2102443, 72.953, 128.256, 113.758),
(886, 'NBP', '2025-12-04', 86.687, 57.8267, 83.6327, 83.0374, 3884086, 135.555, 131.116, 144.32),
(887, 'OGDC', '2025-12-04', 123.186, 53.0512, 151.345, 128.506, 525385, 59.7452, 61.0332, 98.4544),
(888, 'PAEL', '2025-12-04', 126.094, 98.18, 68.9284, 88.5617, 2455733, 75.2108, 118.738, 54.1125),
(889, 'POL', '2025-12-04', 132.718, 58.3937, 149.699, 104.729, 4701970, 151.095, 62.5852, 137.127),
(890, 'PPL', '2025-12-04', 105.35, 84.1075, 59.9101, 87.0299, 3391190, 73.428, 57.032, 138.668),
(891, 'PRL', '2025-12-04', 130.225, 103.88, 85.6525, 53.9746, 1173081, 52.6005, 85.5131, 151.021),
(892, 'PSO', '2025-12-04', 99.1083, 112.911, 125.392, 120.062, 2187961, 51.7731, 118.774, 127.41),
(893, 'SAZEW', '2025-12-04', 81.6408, 93.2329, 77.4698, 144.285, 414854, 100.794, 70.3836, 127.105),
(894, 'SEARL', '2025-12-04', 132.999, 51.3185, 112.391, 142.518, 4828540, 148.04, 136.001, 132.374),
(895, 'SNGP', '2025-12-04', 50.8772, 124.912, 130.803, 110.416, 3931513, 55.696, 132.84, 87.9121),
(896, 'SSGC', '2025-12-04', 149.133, 143.045, 127.549, 138.935, 1685354, 144.657, 109.255, 100.116),
(897, 'SYS', '2025-12-04', 81.7288, 71.872, 69.1595, 69.799, 2635334, 151.362, 86.6362, 59.2097),
(898, 'UBL', '2025-12-04', 58.3631, 71.9183, 140.897, 120.284, 4964506, 129.517, 136.136, 85.8921),
(900, 'ATRL', '2025-12-05', 113.324, 65.5701, 144.014, 56.1103, 3135279, 143.179, 114.657, 134.58),
(901, 'BAHL', '2025-12-05', 128.783, 108.307, 112.871, 73.5813, 2172130, 92.8838, 123.018, 127.651),
(902, 'BOP', '2025-12-05', 69.3849, 130.884, 104.933, 66.404, 1508475, 149.046, 139.975, 151.199),
(903, 'DGKC', '2025-12-05', 127.969, 57.2688, 56.4367, 52.0465, 4977652, 139.824, 88.8601, 107.486),
(904, 'EFERT', '2025-12-05', 81.2251, 147.534, 52.473, 58.9461, 2320645, 52.1335, 112.906, 93.8576),
(905, 'ENGROH', '2025-12-05', 140.397, 82.9806, 150.862, 135.303, 2330359, 120.033, 51.68, 68.7402),
(906, 'FCCL', '2025-12-05', 114.135, 123.03, 131.537, 119.534, 1149588, 150.53, 72.41, 88.1868),
(907, 'FFC', '2025-12-05', 141.274, 103.363, 151.177, 76.2867, 2228971, 90.2601, 107.439, 154.738),
(908, 'GAL', '2025-12-05', 147.565, 144.261, 138.615, 90.4834, 2697927, 93.7308, 97.0312, 86.3962),
(909, 'GHNI', '2025-12-05', 54.9964, 77.3542, 77.2024, 92.1558, 2155839, 134.809, 131.12, 146.667),
(910, 'HBL', '2025-12-05', 134.35, 101.675, 61.6676, 141.304, 1978079, 65.8983, 102.167, 96.583),
(911, 'HUBC', '2025-12-05', 87.2862, 109.375, 143.351, 118.836, 4234231, 60.2367, 136.94, 96.4085),
(912, 'LUCK', '2025-12-05', 76.6448, 57.1933, 111.099, 118.866, 3984837, 135.954, 127.252, 121.718),
(913, 'MARI', '2025-12-05', 127.762, 139.635, 73.3783, 84.8308, 849579, 126.525, 71.6151, 53.6614),
(914, 'MCB', '2025-12-05', 79.3776, 92.6341, 81.3103, 66.513, 10217, 98.3846, 82.1174, 94.4638),
(915, 'MEBL', '2025-12-05', 140.509, 81.8239, 144.558, 108.455, 1408456, 109.93, 56.7137, 128.068),
(916, 'MLCF', '2025-12-05', 80.7518, 86.9719, 149.936, 119.003, 3308391, 67.2102, 127.509, 127.54),
(917, 'NBP', '2025-12-05', 54.6737, 58.378, 82.4339, 75.6409, 2173508, 86.6552, 93.6468, 89.7607),
(918, 'OGDC', '2025-12-05', 81.7049, 101.045, 117.516, 117.467, 2684369, 109.931, 78.9934, 146.188),
(919, 'PAEL', '2025-12-05', 96.6817, 114.571, 141.366, 93.8724, 3157878, 129.708, 50.0124, 134.35),
(920, 'POL', '2025-12-05', 131.83, 124.038, 82.583, 77.3681, 2592191, 123.602, 53.5408, 67.8927),
(921, 'PPL', '2025-12-05', 104.222, 76.3605, 125.452, 130.896, 4942999, 94.5332, 67.8359, 132.551),
(922, 'PRL', '2025-12-05', 66.9775, 105.108, 81.5154, 128.454, 781373, 85.7592, 73.7846, 87.7904),
(923, 'PSO', '2025-12-05', 135.045, 73.6533, 119.187, 108.838, 237195, 91.4484, 131.559, 74.326),
(924, 'SAZEW', '2025-12-05', 88.4839, 79.259, 86.5431, 131.371, 786088, 77.2172, 128.343, 100.939),
(925, 'SEARL', '2025-12-05', 125.37, 87.5652, 118.463, 64.0426, 3916438, 96.5509, 135.839, 82.066),
(926, 'SNGP', '2025-12-05', 111.825, 73.9032, 89.5293, 63.6218, 3063987, 112.754, 70.6331, 91.1811),
(927, 'SSGC', '2025-12-05', 61.1437, 94.2494, 145.427, 75.7295, 2932374, 62.0266, 124.564, 127.429),
(928, 'SYS', '2025-12-05', 63.447, 102.12, 76.9235, 115.27, 3093326, 57.03, 91.8906, 67.451),
(929, 'UBL', '2025-12-05', 81.0143, 61.7306, 121.103, 55.4463, 1335243, 64.4288, 131.898, 55.4687),
(931, 'ATRL', '2025-12-06', 55.1551, 86.103, 121.786, 84.3516, 3608531, 103.66, 91.8248, 131.656),
(932, 'BAHL', '2025-12-06', 86.9595, 107.552, 134.959, 83.9348, 1565057, 100.558, 98.714, 74.4027),
(933, 'BOP', '2025-12-06', 92.5702, 99.2693, 75.1222, 115.081, 3310102, 79.5077, 90.2465, 93.261),
(934, 'DGKC', '2025-12-06', 109.111, 127.805, 69.5087, 101.373, 638467, 54.0579, 122.84, 142.757),
(935, 'EFERT', '2025-12-06', 141.88, 51.0086, 83.6174, 103.211, 4032752, 88.1954, 89.9133, 64.3246),
(936, 'ENGROH', '2025-12-06', 72.3708, 126.789, 74.7003, 129.33, 2006935, 105.834, 98.3393, 55.8773),
(937, 'FCCL', '2025-12-06', 105.537, 116.857, 126.045, 111.481, 4902926, 150.516, 48.4041, 60.5661),
(938, 'FFC', '2025-12-06', 85.5549, 103.681, 119.319, 118.294, 2630294, 101.913, 139.366, 84.835),
(939, 'GAL', '2025-12-06', 113.872, 76.2064, 95.1289, 83.6819, 2357886, 80.4156, 53.7928, 98.9746),
(940, 'GHNI', '2025-12-06', 51.4359, 123.151, 120.019, 63.8428, 3636538, 68.8988, 116.746, 62.7949),
(941, 'HBL', '2025-12-06', 80.3504, 71.6148, 72.0524, 84.4597, 949908, 137.805, 118.949, 70.06),
(942, 'HUBC', '2025-12-06', 107.991, 88.888, 76.4541, 54.3091, 2611117, 95.8079, 111.748, 56.248),
(943, 'LUCK', '2025-12-06', 64.9592, 112.946, 128.07, 132.821, 49110, 99.2993, 84.2025, 103.134),
(944, 'MARI', '2025-12-06', 75.2101, 130.069, 82.9103, 61.0286, 3375838, 51.2691, 48.6941, 56.7006),
(945, 'MCB', '2025-12-06', 66.232, 117.967, 150.037, 125.439, 4935540, 110.653, 49.0707, 83.5751),
(946, 'MEBL', '2025-12-06', 93.0168, 75.5348, 53.4874, 81.6338, 2959158, 147.477, 49.9059, 78.3442),
(947, 'MLCF', '2025-12-06', 65.4701, 52.9746, 123.561, 93.2586, 619743, 77.2536, 137.996, 154.169),
(948, 'NBP', '2025-12-06', 148.363, 50.8192, 62.8044, 101.79, 1730782, 62.0924, 98.3643, 87.4375),
(949, 'OGDC', '2025-12-06', 55.7451, 78.1148, 78.8295, 97.7135, 3334346, 135.655, 67.9225, 109.78),
(950, 'PAEL', '2025-12-06', 58.2681, 126.408, 115.89, 132.334, 1716094, 67.1696, 123.079, 103.187),
(951, 'POL', '2025-12-06', 52.6926, 117.458, 86.8457, 117.386, 2174033, 58.6385, 56.8551, 78.8167),
(952, 'PPL', '2025-12-06', 145.775, 53.1498, 82.7289, 92.5844, 1452457, 62.4423, 115.874, 78.1123),
(953, 'PRL', '2025-12-06', 56.0445, 105.974, 119.43, 112.023, 1013945, 59.0528, 124.929, 138.72),
(954, 'PSO', '2025-12-06', 116.061, 132.62, 73.0503, 104.086, 809765, 62.9706, 59.9921, 82.6421),
(955, 'SAZEW', '2025-12-06', 54.0851, 83.4621, 111.456, 140.568, 4468561, 117.712, 108.889, 77.1326),
(956, 'SEARL', '2025-12-06', 73.4381, 95.8437, 116.02, 125.723, 10377, 117.334, 76.2285, 107.819),
(957, 'SNGP', '2025-12-06', 122.702, 54.9033, 60.3657, 77.9457, 1006801, 62.6916, 142.449, 119.196),
(958, 'SSGC', '2025-12-06', 67.7597, 146.757, 89.6748, 141.968, 3028746, 68.9629, 56.6918, 150.715),
(959, 'SYS', '2025-12-06', 88.6622, 62.0706, 99.4513, 146.425, 2728211, 125.826, 56.2487, 75.9198),
(960, 'UBL', '2025-12-06', 133.896, 101.538, 62.3563, 145.016, 2823915, 139.849, 116.741, 156.487),
(962, 'ATRL', '2025-12-07', 147.879, 82.1065, 123.462, 104.271, 3443558, 126.41, 113.222, 73.9485),
(963, 'BAHL', '2025-12-07', 144.594, 61.0699, 127.146, 86.4393, 3352934, 71.3902, 49.6287, 104.111),
(964, 'BOP', '2025-12-07', 89.0456, 96.7897, 73.1339, 112.894, 3044390, 59.435, 105.991, 137.872),
(965, 'DGKC', '2025-12-07', 71.8271, 114.062, 112.803, 56.1665, 2739492, 103.031, 138.402, 76.0166),
(966, 'EFERT', '2025-12-07', 74.9257, 106.364, 63.6627, 136.962, 577115, 139.825, 54.6954, 128.677),
(967, 'ENGROH', '2025-12-07', 90.0275, 131.163, 145.203, 63.0298, 4725659, 80.4137, 108.821, 88.0825),
(968, 'FCCL', '2025-12-07', 125.796, 126.042, 111.374, 111.724, 2122394, 70.9308, 117.609, 61.2256),
(969, 'FFC', '2025-12-07', 70.153, 124.576, 70.0885, 113.746, 3709690, 123.995, 86.6917, 144.869),
(970, 'GAL', '2025-12-07', 66.0891, 65.8686, 86.0908, 70.9635, 442534, 128.288, 103.111, 117.219),
(971, 'GHNI', '2025-12-07', 82.5713, 126.665, 144.85, 74.6912, 2752393, 148.059, 64.4289, 156.787),
(972, 'HBL', '2025-12-07', 93.1473, 67.0948, 111.609, 91.9093, 2033171, 123.182, 83.4298, 129.378),
(973, 'HUBC', '2025-12-07', 102.625, 92.5376, 111.677, 114.677, 2831220, 133.392, 85.9585, 111.509),
(974, 'LUCK', '2025-12-07', 109.55, 78.359, 119.445, 96.1021, 1950398, 101.858, 82.8636, 87.7536),
(975, 'MARI', '2025-12-07', 106.2, 128.973, 84.4327, 71.5984, 848309, 66.3088, 73.4948, 146.851),
(976, 'MCB', '2025-12-07', 117.201, 115.267, 82.1628, 101.397, 3783778, 68.659, 107.226, 115.93),
(977, 'MEBL', '2025-12-07', 63.4391, 134.607, 142.308, 136.894, 3994262, 81.1668, 59.052, 125.696),
(978, 'MLCF', '2025-12-07', 62.0734, 100.223, 71.3537, 94.1466, 3523810, 64.8189, 103.984, 109.991),
(979, 'NBP', '2025-12-07', 145.395, 62.0865, 129.932, 96.807, 587958, 63.0723, 73.1134, 154.837),
(980, 'OGDC', '2025-12-07', 56.4349, 88.8852, 132.203, 126.129, 2734309, 88.1935, 68.9157, 53.291),
(981, 'PAEL', '2025-12-07', 86.138, 127.146, 136.41, 130.721, 3286898, 129.808, 138.13, 96.0009),
(982, 'POL', '2025-12-07', 70.9485, 129.15, 91.2142, 103.65, 3027561, 86.3139, 138.36, 127.927),
(983, 'PPL', '2025-12-07', 122.248, 94.7764, 63.1637, 70.9761, 3817384, 65.1092, 88.6156, 129.155),
(984, 'PRL', '2025-12-07', 85.1834, 105.834, 131.547, 72.6437, 4186457, 97.2297, 123.64, 117.535),
(985, 'PSO', '2025-12-07', 119.246, 109.314, 147.237, 137.688, 3471931, 126.956, 114.172, 77.4984),
(986, 'SAZEW', '2025-12-07', 58.4962, 119.846, 81.3921, 84.0937, 4483050, 91.7842, 81.1244, 109.562),
(987, 'SEARL', '2025-12-07', 115.54, 113.519, 78.2413, 87.7493, 878941, 120.467, 136.452, 115.862),
(988, 'SNGP', '2025-12-07', 70.8237, 72.3536, 105.01, 142.591, 932668, 57.3309, 121.463, 124.941),
(989, 'SSGC', '2025-12-07', 61.3873, 98.9635, 66.9668, 76.8116, 4746742, 140.932, 107.235, 100.572),
(990, 'SYS', '2025-12-07', 90.2778, 112.901, 152.359, 53.6416, 1278300, 64.2572, 134.337, 69.48),
(991, 'UBL', '2025-12-07', 56.6367, 133.322, 54.5035, 110.904, 276555, 89.0358, 117.969, 111.749),
(993, 'ATRL', '2025-12-08', 114.884, 87.3198, 149.284, 114.835, 2341154, 83.4051, 68.8058, 67.6177),
(994, 'BAHL', '2025-12-08', 54.7077, 129.042, 140.355, 144.04, 1104377, 70.1948, 77.1747, 155.067),
(995, 'BOP', '2025-12-08', 144.706, 129.174, 69.6431, 97.9522, 4746168, 75.5108, 84.5937, 74.4873),
(996, 'DGKC', '2025-12-08', 137.563, 123.746, 63.5374, 84.7394, 2273453, 68.6185, 98.1237, 65.7545),
(997, 'EFERT', '2025-12-08', 53.2524, 127.108, 134.847, 123.321, 1629106, 86.2503, 122.773, 146.986),
(998, 'ENGROH', '2025-12-08', 62.2282, 139.769, 70.6045, 71.1066, 2756421, 58.5486, 118.236, 103.308),
(999, 'FCCL', '2025-12-08', 68.5665, 96.6894, 135.284, 117.754, 144513, 54.5213, 58.1747, 98.9503),
(1000, 'FFC', '2025-12-08', 137.482, 54.1488, 113.253, 138.253, 3613828, 139.54, 70.2647, 110.606),
(1001, 'GAL', '2025-12-08', 54.806, 106.933, 128.16, 53.1126, 4702066, 108.693, 53.1632, 112.303),
(1002, 'GHNI', '2025-12-08', 116.893, 112.463, 68.6605, 142.86, 1346649, 98.313, 100.604, 91.8502),
(1003, 'HBL', '2025-12-08', 69.6848, 134.635, 123.339, 143.685, 3516169, 112.884, 140.468, 56.7069),
(1004, 'HUBC', '2025-12-08', 76.4497, 69.5263, 73.2299, 96.3186, 3801963, 86.197, 93.6702, 91.3185),
(1005, 'LUCK', '2025-12-08', 89.0497, 132.995, 55.6328, 117.301, 1742528, 116.319, 67.719, 63.9606),
(1006, 'MARI', '2025-12-08', 140.725, 70.1704, 83.8664, 145.502, 4784689, 134.384, 74.2754, 148.852),
(1007, 'MCB', '2025-12-08', 124.265, 144.572, 109.514, 145.763, 1079416, 62.3455, 136.683, 88.4069),
(1008, 'MEBL', '2025-12-08', 139.356, 93.2468, 104.933, 80.1753, 21552, 57.288, 78.1951, 95.9605),
(1009, 'MLCF', '2025-12-08', 60.0229, 75.182, 152.631, 68.9612, 146365, 104.566, 103.428, 87.9553),
(1010, 'NBP', '2025-12-08', 142.219, 108.696, 73.7613, 80.5478, 4700671, 124.727, 128.649, 59.4572),
(1011, 'OGDC', '2025-12-08', 126.868, 113.319, 144.547, 112.871, 2536664, 109.224, 84.0892, 71.5534),
(1012, 'PAEL', '2025-12-08', 125.185, 70.7734, 134.523, 93.0641, 3957988, 112.018, 111.211, 107.727),
(1013, 'POL', '2025-12-08', 111.79, 100.15, 122.844, 145.717, 4107462, 65.3207, 73.076, 147.618),
(1014, 'PPL', '2025-12-08', 122.176, 137.723, 80.626, 125.324, 113678, 129, 125.202, 132.081),
(1015, 'PRL', '2025-12-08', 83.5804, 89.6234, 52.9404, 135.167, 1696074, 56.3886, 73.5175, 72.9156),
(1016, 'PSO', '2025-12-08', 65.0565, 66.2828, 91.3838, 95.1608, 836914, 93.3069, 106.115, 137.92),
(1017, 'SAZEW', '2025-12-08', 71.6616, 113.108, 108.393, 135.816, 3706814, 55.4666, 49.5692, 153.445),
(1018, 'SEARL', '2025-12-08', 124.157, 131.047, 142.168, 146.795, 1540704, 105.744, 124.492, 95.6872),
(1019, 'SNGP', '2025-12-08', 112.519, 137.814, 110.639, 73.236, 2412231, 118.202, 133.401, 106.07),
(1020, 'SSGC', '2025-12-08', 133.827, 114.916, 131.481, 143.358, 2235582, 85.5535, 84.9274, 150.01),
(1021, 'SYS', '2025-12-08', 96.1434, 101.095, 73.5925, 102.312, 277525, 115.699, 53.3081, 91.2554),
(1022, 'UBL', '2025-12-08', 116.208, 69.6075, 53.9875, 101.638, 2988830, 88.6225, 56.4256, 87.9286),
(1024, 'ATRL', '2025-12-09', 135.356, 71.8991, 109.201, 66.0756, 797007, 78.2029, 132.357, 120.044),
(1025, 'BAHL', '2025-12-09', 103.672, 124.122, 67.1786, 101.117, 915950, 82.8737, 52.5434, 84.4039),
(1026, 'BOP', '2025-12-09', 85.9968, 137.442, 87.883, 63.0227, 3153258, 123.623, 116.66, 101.643),
(1027, 'DGKC', '2025-12-09', 65.6152, 86.7899, 93.3171, 141.548, 2386170, 106.359, 79.1906, 53.4193),
(1028, 'EFERT', '2025-12-09', 54.3019, 68.1943, 134.14, 98.8818, 498462, 148.619, 100.536, 144.581),
(1029, 'ENGROH', '2025-12-09', 120.999, 140.488, 98.4685, 104.828, 2261210, 106.271, 85.8994, 90.7686),
(1030, 'FCCL', '2025-12-09', 110.97, 144.057, 147.544, 133.986, 2482267, 139.448, 134.329, 149.931),
(1031, 'FFC', '2025-12-09', 139.762, 119.233, 135.556, 52.1155, 3360079, 77.2352, 76.7105, 130.544),
(1032, 'GAL', '2025-12-09', 129.397, 122.759, 83.4411, 85.2873, 4486224, 88.4142, 65.0947, 136.486),
(1033, 'GHNI', '2025-12-09', 94.3727, 130.584, 128.923, 84.544, 2608019, 103.014, 50.8133, 117.03),
(1034, 'HBL', '2025-12-09', 146.823, 148.245, 59.4097, 90.1559, 4262242, 50.7391, 90.6767, 80.3626),
(1035, 'HUBC', '2025-12-09', 146.331, 51.5284, 72.6757, 49.1048, 1839122, 134.927, 54.7296, 144.14),
(1036, 'LUCK', '2025-12-09', 63.5498, 55.3617, 141.734, 75.4722, 3409852, 111.047, 137.891, 153.195),
(1037, 'MARI', '2025-12-09', 144.054, 131.245, 82.3041, 54.625, 1831410, 117.081, 66.2369, 53.3932),
(1038, 'MCB', '2025-12-09', 95.0841, 72.14, 131.673, 75.3123, 4848663, 54.8617, 76.639, 94.9279),
(1039, 'MEBL', '2025-12-09', 60.0199, 78.0882, 65.6116, 132.295, 4099892, 106.055, 75.0816, 136.658),
(1040, 'MLCF', '2025-12-09', 63.6511, 77.0268, 151.033, 55.802, 2024552, 132.949, 129.856, 145.48),
(1041, 'NBP', '2025-12-09', 132.692, 96.8257, 143.761, 60.0726, 4183339, 135.783, 115.132, 55.2741),
(1042, 'OGDC', '2025-12-09', 149.636, 138.851, 104.406, 138.213, 4904542, 68.0278, 135.374, 63.4526),
(1043, 'PAEL', '2025-12-09', 124.659, 91.0819, 138.753, 53.0745, 3134497, 51.4867, 63.474, 137.7),
(1044, 'POL', '2025-12-09', 105.271, 82.0948, 151.785, 142.365, 3996239, 64.452, 75.3304, 57.7859),
(1045, 'PPL', '2025-12-09', 87.2852, 120.11, 96.658, 58.6458, 746260, 96.0489, 124.178, 124.191),
(1046, 'PRL', '2025-12-09', 149.243, 139.969, 111.369, 70.3424, 1566700, 142.75, 107.045, 93.8571),
(1047, 'PSO', '2025-12-09', 58.9007, 75.5768, 56.0988, 94.0541, 743571, 87.3008, 83.1897, 134.958),
(1048, 'SAZEW', '2025-12-09', 129.951, 113.022, 133.583, 61.0799, 937106, 107.799, 73.5582, 122.803),
(1049, 'SEARL', '2025-12-09', 102.485, 110.446, 102.36, 114.737, 4216625, 71.1326, 94.1868, 141.157),
(1050, 'SNGP', '2025-12-09', 124.744, 69.7099, 130.395, 76.3903, 311578, 98.2832, 64.4629, 102.215),
(1051, 'SSGC', '2025-12-09', 133.173, 122.585, 70.9869, 123.976, 1187201, 140.595, 118.543, 59.115),
(1052, 'SYS', '2025-12-09', 57.1552, 66.2071, 115.172, 111.663, 1548324, 114.138, 68.5317, 75.254),
(1053, 'UBL', '2025-12-09', 91.9364, 93.724, 150.495, 101.635, 3795636, 69.1207, 108.722, 122.755);
INSERT INTO `stocks` (`id`, `symbol`, `date`, `last`, `open`, `high`, `low`, `volume`, `pred_close`, `confidence_lower`, `confidence_upper`) VALUES
(1055, 'ATRL', '2025-12-10', 53.1027, 147.969, 140.771, 89.8288, 2213903, 147.868, 94.2283, 112.062),
(1056, 'BAHL', '2025-12-10', 86.0638, 59.5413, 94.3728, 129.54, 4167527, 121.404, 48.4116, 151.401),
(1057, 'BOP', '2025-12-10', 118.077, 106.732, 137.516, 98.653, 4943703, 93.2952, 61.9734, 104.014),
(1058, 'DGKC', '2025-12-10', 149.601, 99.8143, 107.415, 72.5943, 2722654, 50.5384, 82.4891, 140.741),
(1059, 'EFERT', '2025-12-10', 59.704, 144.939, 104.959, 122.791, 889010, 114.141, 106.13, 73.024),
(1060, 'ENGROH', '2025-12-10', 62.585, 53.742, 136.343, 54.3818, 3822515, 116.935, 142.056, 52.852),
(1061, 'FCCL', '2025-12-10', 53.0766, 63.7337, 114.91, 117.751, 3139988, 54.0712, 75.3157, 90.0807),
(1062, 'FFC', '2025-12-10', 141.117, 97.2281, 120.055, 140.996, 3313349, 100.71, 94.7761, 157.167),
(1063, 'GAL', '2025-12-10', 99.12, 95.5866, 138.109, 134.6, 4026686, 91.5334, 105.958, 142.581),
(1064, 'GHNI', '2025-12-10', 94.3537, 113.25, 141.688, 99.3378, 4504859, 147.854, 58.578, 125.09),
(1065, 'HBL', '2025-12-10', 60.6855, 95.066, 151.036, 100.249, 3362603, 130.668, 137.86, 91.8292),
(1066, 'HUBC', '2025-12-10', 51.9342, 145.829, 133.321, 60.395, 800896, 96.1591, 121.582, 109.499),
(1067, 'LUCK', '2025-12-10', 87.4808, 73.8039, 61.5107, 125.318, 2923066, 109.768, 64.6222, 67.276),
(1068, 'MARI', '2025-12-10', 66.292, 88.3503, 99.2845, 67.5813, 2639467, 57.6359, 120.61, 119.274),
(1069, 'MCB', '2025-12-10', 137.098, 93.7577, 114.476, 124.502, 4925906, 112.578, 58.674, 130.641),
(1070, 'MEBL', '2025-12-10', 86.8162, 109.711, 146.522, 133.07, 2399019, 133.871, 112.849, 153.621),
(1071, 'MLCF', '2025-12-10', 125.162, 135.526, 60.1677, 131.569, 4715416, 69.4662, 57.9188, 155.926),
(1072, 'NBP', '2025-12-10', 109.602, 51.9807, 85.3987, 108.882, 217362, 89.3084, 122.625, 136.63),
(1073, 'OGDC', '2025-12-10', 113.381, 125.269, 145.377, 81.3706, 4378806, 89.6749, 77.1466, 94.1573),
(1074, 'PAEL', '2025-12-10', 54.7474, 54.1687, 60.5238, 80.8869, 1733866, 127.031, 118.594, 101.703),
(1075, 'POL', '2025-12-10', 59.7908, 57.7907, 63.7497, 85.6277, 2468843, 85.6064, 71.8802, 77.7426),
(1076, 'PPL', '2025-12-10', 93.2126, 93.002, 142.87, 67.151, 1119985, 107.499, 61.7238, 58.3372),
(1077, 'PRL', '2025-12-10', 132.879, 146.24, 91.7479, 55.4611, 655907, 96.77, 132.719, 64.1425),
(1078, 'PSO', '2025-12-10', 136.326, 146.884, 84.5155, 116.805, 2368563, 80.0815, 51.6126, 87.9685),
(1079, 'SAZEW', '2025-12-10', 105.91, 126.932, 74.8042, 129.405, 2010837, 105.996, 98.8775, 58.3474),
(1080, 'SEARL', '2025-12-10', 115.6, 60.6792, 111.854, 112.141, 2158239, 73.2602, 126.521, 103.211),
(1081, 'SNGP', '2025-12-10', 141.94, 64.1633, 151.202, 94.8175, 1952537, 106.046, 102.437, 77.859),
(1082, 'SSGC', '2025-12-10', 97.2735, 112.774, 130.3, 144.045, 2584457, 118.667, 125.771, 62.4537),
(1083, 'SYS', '2025-12-10', 50.2258, 121.463, 115.027, 142.871, 4531063, 116.903, 101.52, 143.934),
(1084, 'UBL', '2025-12-10', 114.812, 111.69, 71.0487, 58.6266, 4507427, 71.9864, 81.6265, 69.0819),
(1086, 'ATRL', '2025-12-11', 79.3729, 70.3814, 68.6898, 71.969, 3257998, 106.541, 125.355, 97.9706),
(1087, 'BAHL', '2025-12-11', 120.668, 72.6879, 56.2098, 103.166, 3051793, 90.2578, 60.5275, 105.497),
(1088, 'BOP', '2025-12-11', 61.2271, 54.1684, 142.694, 83.6287, 349384, 79.7217, 70.0137, 85.7811),
(1089, 'DGKC', '2025-12-11', 137.385, 90.92, 98.9763, 58.4694, 360332, 57.6157, 60.4261, 101.741),
(1090, 'EFERT', '2025-12-11', 143.662, 76.8446, 109.261, 51.6751, 2114667, 53.8103, 132.532, 92.0908),
(1091, 'ENGROH', '2025-12-11', 70.0048, 135.538, 127.012, 60.6501, 1793669, 94.6405, 57.8524, 77.0446),
(1092, 'FCCL', '2025-12-11', 134.187, 99.801, 52.5134, 102.891, 3525220, 138.924, 72.4191, 124.432),
(1093, 'FFC', '2025-12-11', 113.843, 63.058, 129.484, 91.7671, 4368225, 56.4621, 111.551, 72.8691),
(1094, 'GAL', '2025-12-11', 144.731, 64.8025, 145.954, 67.709, 808855, 74.3491, 113.557, 133.17),
(1095, 'GHNI', '2025-12-11', 125.544, 96.2594, 60.7181, 54.8238, 56520, 139.202, 81.4435, 68.4363),
(1096, 'HBL', '2025-12-11', 118.697, 146.474, 136.347, 73.0206, 3576603, 135.469, 53.2413, 134.225),
(1097, 'HUBC', '2025-12-11', 121.038, 70.9727, 148.24, 60.3675, 3599825, 75.9358, 56.9339, 130.305),
(1098, 'LUCK', '2025-12-11', 90.7101, 129.937, 136.801, 124.307, 1593192, 79.5752, 93.4277, 110.631),
(1099, 'MARI', '2025-12-11', 81.7795, 141.381, 121.08, 112.803, 970208, 52.2241, 95.3065, 101.317),
(1100, 'MCB', '2025-12-11', 131.493, 116.808, 148.371, 120.879, 4017070, 132.987, 111.463, 148.715),
(1101, 'MEBL', '2025-12-11', 106.178, 55.4319, 113.653, 136.363, 3072939, 90.7534, 61.653, 110.171),
(1102, 'MLCF', '2025-12-11', 79.9317, 133.534, 86.3129, 67.0841, 4420214, 138.029, 112.192, 137.024),
(1103, 'NBP', '2025-12-11', 148.206, 98.5355, 105.097, 65.2582, 1192023, 120.627, 119.359, 125.903),
(1104, 'OGDC', '2025-12-11', 72.6148, 52.8179, 100.891, 82.8183, 1290239, 76.2535, 95.0743, 130.09),
(1105, 'PAEL', '2025-12-11', 69.2438, 123.287, 66.2269, 99.0249, 522209, 150.574, 108.38, 76.8312),
(1106, 'POL', '2025-12-11', 73.6093, 97.5435, 124.252, 62.2234, 2600921, 70.3086, 87.4068, 106.258),
(1107, 'PPL', '2025-12-11', 79.9694, 144.79, 144.181, 115.653, 3300120, 76.7331, 77.7665, 137.946),
(1108, 'PRL', '2025-12-11', 61.3083, 61.7855, 79.6856, 52.3191, 1628230, 103.689, 109.839, 126.115),
(1109, 'PSO', '2025-12-11', 103.689, 107.037, 81.1125, 120.791, 3885723, 119.992, 57.833, 102.871),
(1110, 'SAZEW', '2025-12-11', 57.2296, 140.809, 91.2594, 69.2418, 4243220, 113.481, 101.834, 156.34),
(1111, 'SEARL', '2025-12-11', 72.8965, 67.1184, 71.6983, 96.1117, 3974424, 104.255, 73.7667, 135.006),
(1112, 'SNGP', '2025-12-11', 59.9368, 63.3139, 91.7561, 105.766, 3487563, 126.233, 109.878, 56.0265),
(1113, 'SSGC', '2025-12-11', 69.808, 137.575, 138.107, 107.897, 2215055, 92.1195, 116.977, 96.6497),
(1114, 'SYS', '2025-12-11', 140.835, 77.2511, 120.006, 102.088, 3394940, 128.249, 124.639, 131.31),
(1115, 'UBL', '2025-12-11', 81.688, 82.4366, 123.708, 104.473, 3458825, 127.329, 116.67, 90.1431),
(1117, 'ATRL', '2025-12-12', 50.2761, 61.1218, 110.025, 102.039, 4850101, 73.3735, 68.6176, 97.8645),
(1118, 'BAHL', '2025-12-12', 99.3343, 66.3882, 89.0366, 83.5721, 3225790, 67.4136, 133.174, 53.2125),
(1119, 'BOP', '2025-12-12', 82.8427, 111.056, 63.6068, 122.76, 1962435, 121.651, 80.2645, 116.659),
(1120, 'DGKC', '2025-12-12', 52.052, 76.179, 80.1582, 109.845, 1233756, 87.9861, 58.4719, 101.222),
(1121, 'EFERT', '2025-12-12', 147.363, 96.6303, 97.8632, 134.164, 4833910, 73.4113, 69.7183, 103.829),
(1122, 'ENGROH', '2025-12-12', 124.262, 73.9068, 51.4914, 76.8798, 2039933, 69.3335, 114.797, 155.668),
(1123, 'FCCL', '2025-12-12', 128.757, 147.529, 111.004, 144.137, 445624, 104.359, 85.3945, 93.9423),
(1124, 'FFC', '2025-12-12', 127.678, 118.782, 68.2123, 121.941, 1076088, 135.664, 101.689, 86.352),
(1125, 'GAL', '2025-12-12', 140.078, 102.632, 151.073, 77.957, 2670352, 129.675, 77.6491, 77.1803),
(1126, 'GHNI', '2025-12-12', 72.3178, 90.1632, 90.1843, 116.481, 1452184, 89.5299, 53.2819, 67.7256),
(1127, 'HBL', '2025-12-12', 104.244, 76.9422, 128.382, 143.241, 2661430, 128.926, 74.6344, 62.8569),
(1128, 'HUBC', '2025-12-12', 113.631, 137.178, 103.964, 141.06, 695730, 139.135, 139.692, 75.5444),
(1129, 'LUCK', '2025-12-12', 68.6033, 76.4039, 132.669, 67.4374, 2693194, 63.5073, 50.161, 131.638),
(1130, 'MARI', '2025-12-12', 118.444, 65.4527, 127.74, 76.2801, 673861, 135.214, 122.499, 97.7617),
(1131, 'MCB', '2025-12-12', 128.692, 112.999, 137.318, 79.0929, 4982938, 56.7343, 77.7922, 95.4605),
(1132, 'MEBL', '2025-12-12', 58.9144, 71.1096, 135.044, 94.5666, 4264730, 138.353, 122.582, 88.4279),
(1133, 'MLCF', '2025-12-12', 83.9849, 116.101, 86.0998, 117.833, 2397796, 79.8559, 48.8856, 73.6019),
(1134, 'NBP', '2025-12-12', 146.11, 69.5542, 64.2142, 52.9251, 4058042, 145.226, 71.687, 100.731),
(1135, 'OGDC', '2025-12-12', 103.293, 77.8744, 136.095, 79.5251, 273087, 84.7032, 97.7904, 118.747),
(1136, 'PAEL', '2025-12-12', 106.652, 142.544, 152.959, 66.493, 4468499, 144.733, 140.97, 65.1489),
(1137, 'POL', '2025-12-12', 115.065, 137.795, 102.752, 133.404, 3921125, 84.5691, 79.2218, 121.549),
(1138, 'PPL', '2025-12-12', 78.6325, 94.92, 95.3661, 127.248, 3436735, 54.681, 61.2692, 115.553),
(1139, 'PRL', '2025-12-12', 106.772, 53.1722, 100.194, 78.418, 270199, 87.8346, 112.682, 86.2783),
(1140, 'PSO', '2025-12-12', 105.01, 127.257, 79.2327, 51.714, 1540491, 96.6983, 81.9613, 98.8601),
(1141, 'SAZEW', '2025-12-12', 61.9374, 76.457, 51.3412, 68.585, 4945998, 85.4922, 120.145, 134.827),
(1142, 'SEARL', '2025-12-12', 112.628, 126.638, 52.738, 122.272, 3436320, 70.0224, 133.443, 151.563),
(1143, 'SNGP', '2025-12-12', 50.3269, 67.9125, 144.852, 53.1777, 2263993, 64.2465, 78.1019, 73.743),
(1144, 'SSGC', '2025-12-12', 54.5196, 110.785, 148.879, 141.205, 4127788, 81.3233, 52.1772, 87.2156),
(1145, 'SYS', '2025-12-12', 100.542, 102.488, 67.3097, 67.992, 2446423, 137.869, 128.946, 125.109),
(1146, 'UBL', '2025-12-12', 138.558, 84.4837, 62.2315, 97.0645, 609648, 64.467, 78.4362, 74.9032);

-- --------------------------------------------------------

--
-- Table structure for table `stock_predictions`
--

CREATE TABLE `stock_predictions` (
  `id` bigint(20) UNSIGNED NOT NULL,
  `company_id` int(11) DEFAULT NULL,
  `prediction_date` date DEFAULT NULL,
  `predicted_price` decimal(10,2) DEFAULT NULL,
  `actual_price` decimal(10,2) DEFAULT NULL,
  `confidence_lower` decimal(10,2) DEFAULT NULL,
  `confidence_upper` decimal(10,2) DEFAULT NULL
) ENGINE=InnoDB DEFAULT CHARSET=utf8mb4 COLLATE=utf8mb4_general_ci;

--
-- Dumping data for table `stock_predictions`
--

INSERT INTO `stock_predictions` (`id`, `company_id`, `prediction_date`, `predicted_price`, `actual_price`, `confidence_lower`, `confidence_upper`) VALUES
(1, 1, '2025-12-01', 14.40, 14.50, 14.00, 14.80),
(2, 1, '2025-12-02', 14.75, 14.80, 14.20, 15.10),
(3, 1, '2025-12-03', 15.00, 15.10, 14.50, 15.40),
(4, 1, '2025-12-04', 15.20, 14.90, 14.80, 15.60),
(5, 1, '2025-12-05', 15.25, 15.30, 14.90, 15.70),
(6, 1, '2025-12-07', 15.69, NULL, 15.10, 16.20),
(7, 1, '2025-12-08', 15.82, NULL, 15.20, 16.40),
(8, 1, '2025-12-09', 16.05, NULL, 15.40, 16.70),
(9, 1, '2025-12-10', 16.12, NULL, 15.50, 16.80),
(10, 2, '2025-12-05', 752.00, 754.50, 740.00, 760.00),
(11, 2, '2025-12-07', 760.00, NULL, 745.00, 775.00),
(12, 2, '2025-12-08', 765.00, NULL, 750.00, 780.00),
(13, 3, '2025-12-05', 118.00, 118.50, 116.00, 120.00),
(14, 3, '2025-12-07', 119.50, NULL, 117.00, 121.00),
(15, 3, '2025-12-08', 120.00, NULL, 118.00, 122.00);

-- --------------------------------------------------------

--
-- Table structure for table `users`
--

CREATE TABLE `users` (
  `id` int(11) NOT NULL,
  `first_name` varchar(50) DEFAULT NULL,
  `last_name` varchar(50) DEFAULT NULL,
  `email` varchar(100) NOT NULL,
  `phone` varchar(20) DEFAULT NULL,
  `hashed_password` varchar(255) NOT NULL,
  `created_at` timestamp NOT NULL DEFAULT current_timestamp()
) ENGINE=InnoDB DEFAULT CHARSET=utf8mb4 COLLATE=utf8mb4_general_ci;

--
-- Dumping data for table `users`
--

INSERT INTO `users` (`id`, `first_name`, `last_name`, `email`, `phone`, `hashed_password`, `created_at`) VALUES
(1, 'Moeez', 'Ul Hassan', 'moeezjutt11@gmail.com', '03267876407', '$argon2id$v=19$m=65536,t=3,p=4$M4YwZgxhLMW4t9YaA8CYMw$+5shrFrxAgMo0KGTI/O+lnwr5xHsrZ4xjRAdUqgLhus', '2025-12-04 01:44:29'),
(2, 'Ali', 'Ahmad', 'alihassan@gmail.com', '3267876408', '$argon2id$v=19$m=65536,t=3,p=4$l5JSSgnB+L835tz7nzNGqA$Zd2R6cYUDvyJGTw258X1UMibi5dj5De1/AGpB4k/sQE', '2025-12-04 01:47:47'),
(3, 'Fast', '(Lahore)', 'random@gmail.com', '3267876407', '$argon2id$v=19$m=65536,t=3,p=4$s1Zq7V3LOSeEkLLWurcWAg$V/0iU5YpF63f00C5f+r0WwC+POleLZRE1M6rS76/Xo4', '2025-12-04 01:53:57');

-- --------------------------------------------------------

--
-- Table structure for table `user_favorites`
--

CREATE TABLE `user_favorites` (
  `id` int(11) NOT NULL,
  `user_id` int(11) DEFAULT NULL,
  `stock_symbol` varchar(20) DEFAULT NULL
) ENGINE=InnoDB DEFAULT CHARSET=utf8mb4 COLLATE=utf8mb4_general_ci;

--
-- Dumping data for table `user_favorites`
--

INSERT INTO `user_favorites` (`id`, `user_id`, `stock_symbol`) VALUES
(1, 2, 'ATRL'),
(3, 2, 'UBL'),
(4, 2, 'BOP');

--
-- Indexes for dumped tables
--

--
-- Indexes for table `companies`
--
ALTER TABLE `companies`
  ADD PRIMARY KEY (`symbol`);

--
-- Indexes for table `kse_index`
--
ALTER TABLE `kse_index`
  ADD PRIMARY KEY (`id`);

--
-- Indexes for table `stocks`
--
ALTER TABLE `stocks`
  ADD PRIMARY KEY (`id`),
  ADD KEY `symbol` (`symbol`);

--
-- Indexes for table `stock_predictions`
--
ALTER TABLE `stock_predictions`
  ADD PRIMARY KEY (`id`);

--
-- Indexes for table `users`
--
ALTER TABLE `users`
  ADD PRIMARY KEY (`id`),
  ADD UNIQUE KEY `email` (`email`);

--
-- Indexes for table `user_favorites`
--
ALTER TABLE `user_favorites`
  ADD PRIMARY KEY (`id`),
  ADD KEY `user_id` (`user_id`),
  ADD KEY `stock_symbol` (`stock_symbol`);

--
-- AUTO_INCREMENT for dumped tables
--

--
-- AUTO_INCREMENT for table `kse_index`
--
ALTER TABLE `kse_index`
  MODIFY `id` int(11) NOT NULL AUTO_INCREMENT, AUTO_INCREMENT=38;

--
-- AUTO_INCREMENT for table `stocks`
--
ALTER TABLE `stocks`
  MODIFY `id` int(11) NOT NULL AUTO_INCREMENT, AUTO_INCREMENT=1147;

--
-- AUTO_INCREMENT for table `stock_predictions`
--
ALTER TABLE `stock_predictions`
  MODIFY `id` bigint(20) UNSIGNED NOT NULL AUTO_INCREMENT, AUTO_INCREMENT=16;

--
-- AUTO_INCREMENT for table `users`
--
ALTER TABLE `users`
  MODIFY `id` int(11) NOT NULL AUTO_INCREMENT, AUTO_INCREMENT=4;

--
-- AUTO_INCREMENT for table `user_favorites`
--
ALTER TABLE `user_favorites`
  MODIFY `id` int(11) NOT NULL AUTO_INCREMENT, AUTO_INCREMENT=5;

--
-- Constraints for dumped tables
--

--
-- Constraints for table `stocks`
--
ALTER TABLE `stocks`
  ADD CONSTRAINT `stocks_ibfk_1` FOREIGN KEY (`symbol`) REFERENCES `companies` (`symbol`) ON DELETE CASCADE;

--
-- Constraints for table `user_favorites`
--
ALTER TABLE `user_favorites`
  ADD CONSTRAINT `user_favorites_ibfk_1` FOREIGN KEY (`user_id`) REFERENCES `users` (`id`) ON DELETE CASCADE,
  ADD CONSTRAINT `user_favorites_ibfk_2` FOREIGN KEY (`stock_symbol`) REFERENCES `companies` (`symbol`) ON DELETE CASCADE;
COMMIT;

/*!40101 SET CHARACTER_SET_CLIENT=@OLD_CHARACTER_SET_CLIENT */;
/*!40101 SET CHARACTER_SET_RESULTS=@OLD_CHARACTER_SET_RESULTS */;
/*!40101 SET COLLATION_CONNECTION=@OLD_COLLATION_CONNECTION */;
